USER_ID,ITEM_ID,EVENT_TYPE,TIMESTAMP
USER-035,PROD-040,view,1770662174
USER-069,PROD-165,view,1770662792
USER-049,PROD-178,purchase,1770662802
USER-012,PROD-089,view,1770665384
USER-001,PROD-035,view,1770667620
USER-074,PROD-126,view,1770667797
USER-068,PROD-159,view,1770669410
USER-056,PROD-137,view,1770670952
USER-024,PROD-053,view,1770672042
USER-011,PROD-042,view,1770672922
USER-065,PROD-116,view,1770673159
USER-046,PROD-124,purchase,1770673425
USER-046,PROD-124,add_to_cart,1770673809
USER-023,PROD-178,view,1770673837
USER-070,PROD-177,view,1770675271
USER-025,PROD-170,add_to_cart,1770676375
USER-040,PROD-075,view,1770676883
USER-061,PROD-191,view,1770676886
USER-073,PROD-106,add_to_cart,1770677066
USER-055,PROD-164,view,1770678006
USER-012,PROD-050,view,1770681107
USER-032,PROD-180,view,1770681405
USER-030,PROD-020,view,1770681890
USER-040,PROD-028,view,1770683158
USER-002,PROD-184,view,1770686905
USER-006,PROD-123,view,1770687091
USER-063,PROD-062,view,1770688115
USER-075,PROD-030,view,1770689172
USER-030,PROD-136,purchase,1770689181
USER-005,PROD-043,view,1770690797
USER-031,PROD-192,view,1770690815
USER-049,PROD-018,add_to_cart,1770691269
USER-022,PROD-029,purchase,1770691438
USER-031,PROD-194,purchase,1770692332
USER-047,PROD-147,view,1770692425
USER-040,PROD-009,view,1770693779
USER-012,PROD-064,view,1770694026
USER-074,PROD-038,add_to_cart,1770694599
USER-009,PROD-173,view,1770695460
USER-038,PROD-076,view,1770696897
USER-073,PROD-100,view,1770698307
USER-047,PROD-018,view,1770698989
USER-047,PROD-153,view,1770699084
USER-020,PROD-008,view,1770699806
USER-012,PROD-029,view,1770700608
USER-044,PROD-057,purchase,1770700624
USER-047,PROD-002,view,1770700653
USER-056,PROD-082,view,1770701689
USER-007,PROD-016,view,1770702253
USER-018,PROD-109,view,1770702348
USER-010,PROD-179,view,1770702777
USER-058,PROD-195,view,1770703181
USER-018,PROD-184,view,1770703585
USER-073,PROD-044,add_to_cart,1770703882
USER-059,PROD-195,purchase,1770704995
USER-032,PROD-156,add_to_cart,1770705028
USER-073,PROD-070,view,1770706277
USER-004,PROD-105,view,1770709742
USER-045,PROD-092,view,1770711685
USER-006,PROD-037,view,1770713540
USER-061,PROD-049,view,1770713795
USER-007,PROD-075,view,1770713951
USER-036,PROD-163,view,1770713980
USER-063,PROD-027,view,1770714246
USER-069,PROD-168,view,1770714785
USER-012,PROD-026,view,1770715773
USER-041,PROD-092,view,1770715951
USER-031,PROD-085,view,1770715961
USER-073,PROD-016,view,1770716025
USER-016,PROD-088,view,1770716362
USER-006,PROD-197,view,1770719187
USER-016,PROD-116,view,1770720569
USER-013,PROD-183,view,1770723917
USER-031,PROD-165,view,1770724137
USER-005,PROD-155,view,1770725679
USER-005,PROD-070,view,1770725688
USER-002,PROD-048,view,1770725712
USER-016,PROD-071,view,1770726069
USER-001,PROD-032,add_to_cart,1770726158
USER-055,PROD-036,view,1770726691
USER-008,PROD-157,add_to_cart,1770727477
USER-026,PROD-169,view,1770729331
USER-023,PROD-096,view,1770730395
USER-071,PROD-103,view,1770732050
USER-057,PROD-155,view,1770732587
USER-063,PROD-169,view,1770732622
USER-051,PROD-144,view,1770732759
USER-038,PROD-095,view,1770733477
USER-044,PROD-020,view,1770734060
USER-070,PROD-049,view,1770734913
USER-026,PROD-183,view,1770737544
USER-008,PROD-093,view,1770737678
USER-011,PROD-153,add_to_cart,1770738958
USER-059,PROD-029,purchase,1770739082
USER-053,PROD-179,view,1770739389
USER-025,PROD-103,view,1770740114
USER-009,PROD-024,view,1770741172
USER-039,PROD-117,view,1770743003
USER-056,PROD-148,view,1770745600
USER-068,PROD-179,view,1770746702
USER-038,PROD-119,view,1770748467
USER-053,PROD-198,purchase,1770751927
USER-073,PROD-172,add_to_cart,1770752559
USER-010,PROD-034,purchase,1770753400
USER-014,PROD-071,view,1770754071
USER-006,PROD-163,view,1770754150
USER-045,PROD-145,view,1770755922
USER-044,PROD-070,view,1770756376
USER-027,PROD-061,view,1770758712
USER-017,PROD-129,view,1770759024
USER-030,PROD-116,purchase,1770763283
USER-049,PROD-175,view,1770763962
USER-075,PROD-126,view,1770764514
USER-052,PROD-056,add_to_cart,1770764748
USER-017,PROD-072,view,1770766126
USER-073,PROD-127,view,1770766810
USER-025,PROD-019,purchase,1770768505
USER-028,PROD-076,view,1770768568
USER-053,PROD-186,add_to_cart,1770768656
USER-007,PROD-004,view,1770769499
USER-041,PROD-094,view,1770770400
USER-035,PROD-193,view,1770770481
USER-013,PROD-138,view,1770770549
USER-057,PROD-028,add_to_cart,1770771699
USER-002,PROD-047,add_to_cart,1770772077
USER-074,PROD-151,view,1770773159
USER-064,PROD-048,add_to_cart,1770774131
USER-024,PROD-083,view,1770776300
USER-008,PROD-061,view,1770778272
USER-066,PROD-194,view,1770780944
USER-057,PROD-123,purchase,1770781000
USER-051,PROD-087,view,1770781348
USER-041,PROD-091,view,1770781859
USER-075,PROD-059,view,1770786326
USER-052,PROD-014,view,1770788102
USER-016,PROD-099,view,1770788318
USER-035,PROD-093,add_to_cart,1770788575
USER-022,PROD-150,add_to_cart,1770788933
USER-021,PROD-104,view,1770791465
USER-057,PROD-061,view,1770791700
USER-001,PROD-067,view,1770791921
USER-011,PROD-167,view,1770791968
USER-012,PROD-124,add_to_cart,1770791995
USER-055,PROD-140,add_to_cart,1770792028
USER-009,PROD-053,view,1770793315
USER-075,PROD-090,view,1770793551
USER-018,PROD-099,view,1770794066
USER-047,PROD-143,view,1770795416
USER-061,PROD-163,view,1770796578
USER-051,PROD-058,view,1770797717
USER-014,PROD-103,add_to_cart,1770798585
USER-027,PROD-094,purchase,1770798660
USER-016,PROD-085,view,1770799931
USER-058,PROD-103,add_to_cart,1770800638
USER-051,PROD-185,view,1770801300
USER-036,PROD-101,add_to_cart,1770801442
USER-003,PROD-126,purchase,1770802082
USER-069,PROD-152,view,1770803156
USER-019,PROD-148,view,1770803334
USER-043,PROD-129,add_to_cart,1770803777
USER-060,PROD-140,view,1770804855
USER-054,PROD-149,purchase,1770808274
USER-047,PROD-181,view,1770808453
USER-021,PROD-198,view,1770808923
USER-013,PROD-106,view,1770809476
USER-007,PROD-081,view,1770811026
USER-034,PROD-169,view,1770811362
USER-013,PROD-150,view,1770811521
USER-060,PROD-003,view,1770812103
USER-042,PROD-192,add_to_cart,1770812517
USER-024,PROD-073,view,1770813736
USER-039,PROD-109,view,1770818732
USER-042,PROD-015,view,1770820687
USER-039,PROD-095,view,1770820710
USER-002,PROD-190,view,1770820910
USER-003,PROD-152,view,1770821141
USER-018,PROD-151,view,1770821467
USER-013,PROD-058,view,1770822190
USER-072,PROD-038,view,1770823441
USER-066,PROD-170,view,1770824107
USER-065,PROD-008,view,1770827695
USER-009,PROD-148,view,1770828217
USER-008,PROD-162,view,1770828360
USER-061,PROD-121,add_to_cart,1770830722
USER-060,PROD-014,view,1770832174
USER-047,PROD-014,view,1770833593
USER-013,PROD-116,view,1770835590
USER-069,PROD-168,add_to_cart,1770837486
USER-041,PROD-157,view,1770837614
USER-016,PROD-119,view,1770839652
USER-050,PROD-182,view,1770841632
USER-029,PROD-143,view,1770841659
USER-016,PROD-114,view,1770842432
USER-072,PROD-061,view,1770843355
USER-018,PROD-020,view,1770845394
USER-036,PROD-178,view,1770845494
USER-041,PROD-049,view,1770846297
USER-070,PROD-016,view,1770847390
USER-028,PROD-064,view,1770847581
USER-033,PROD-182,view,1770852496
USER-046,PROD-166,view,1770852790
USER-019,PROD-076,view,1770852917
USER-018,PROD-139,add_to_cart,1770853576
USER-048,PROD-060,view,1770853578
USER-025,PROD-176,view,1770854292
USER-057,PROD-048,view,1770854408
USER-031,PROD-016,view,1770856259
USER-064,PROD-032,view,1770857437
USER-016,PROD-159,view,1770858339
USER-070,PROD-005,view,1770859117
USER-048,PROD-165,add_to_cart,1770860267
USER-065,PROD-144,add_to_cart,1770861030
USER-058,PROD-126,view,1770861444
USER-058,PROD-118,view,1770863790
USER-042,PROD-131,view,1770866429
USER-016,PROD-031,view,1770867360
USER-022,PROD-116,view,1770867440
USER-004,PROD-087,view,1770868122
USER-059,PROD-150,view,1770868412
USER-032,PROD-058,view,1770868496
USER-053,PROD-145,view,1770869509
USER-026,PROD-169,view,1770870434
USER-031,PROD-124,view,1770871065
USER-065,PROD-018,add_to_cart,1770871644
USER-049,PROD-055,add_to_cart,1770872427
USER-002,PROD-057,view,1770873109
USER-020,PROD-135,add_to_cart,1770874476
USER-018,PROD-097,view,1770874849
USER-029,PROD-155,add_to_cart,1770877137
USER-033,PROD-152,view,1770877530
USER-046,PROD-112,view,1770878005
USER-009,PROD-152,add_to_cart,1770878795
USER-027,PROD-074,purchase,1770880623
USER-009,PROD-048,add_to_cart,1770882693
USER-074,PROD-067,view,1770883409
USER-074,PROD-034,view,1770883713
USER-006,PROD-173,view,1770884563
USER-035,PROD-135,view,1770884704
USER-012,PROD-029,add_to_cart,1770885274
USER-014,PROD-012,view,1770885608
USER-035,PROD-014,view,1770885731
USER-024,PROD-032,view,1770886837
USER-074,PROD-184,view,1770887841
USER-023,PROD-196,view,1770888199
USER-053,PROD-194,view,1770888506
USER-070,PROD-026,view,1770888559
USER-018,PROD-133,view,1770888968
USER-048,PROD-054,view,1770889023
USER-048,PROD-131,view,1770889400
USER-059,PROD-031,view,1770892289
USER-067,PROD-120,add_to_cart,1770893453
USER-044,PROD-039,add_to_cart,1770895869
USER-067,PROD-077,view,1770896522
USER-045,PROD-124,purchase,1770896588
USER-052,PROD-092,view,1770896870
USER-052,PROD-195,view,1770898281
USER-058,PROD-053,view,1770898492
USER-053,PROD-046,view,1770899434
USER-022,PROD-065,view,1770901622
USER-057,PROD-183,view,1770902190
USER-004,PROD-104,view,1770903688
USER-074,PROD-038,view,1770903834
USER-028,PROD-089,add_to_cart,1770905008
USER-071,PROD-108,view,1770905891
USER-072,PROD-045,view,1770906782
USER-022,PROD-151,add_to_cart,1770906812
USER-016,PROD-050,view,1770907062
USER-026,PROD-135,view,1770908300
USER-015,PROD-125,add_to_cart,1770908687
USER-018,PROD-180,view,1770909657
USER-011,PROD-081,add_to_cart,1770910739
USER-023,PROD-139,view,1770910814
USER-069,PROD-022,view,1770911037
USER-069,PROD-155,view,1770913233
USER-043,PROD-154,view,1770917288
USER-027,PROD-101,view,1770918267
USER-009,PROD-149,view,1770918397
USER-031,PROD-016,view,1770918407
USER-049,PROD-168,view,1770918523
USER-003,PROD-012,view,1770920196
USER-025,PROD-109,view,1770920567
USER-016,PROD-078,view,1770924094
USER-010,PROD-001,view,1770926080
USER-043,PROD-002,view,1770926961
USER-012,PROD-060,purchase,1770927142
USER-003,PROD-096,view,1770929906
USER-014,PROD-139,view,1770932339
USER-024,PROD-188,view,1770933051
USER-014,PROD-092,view,1770933311
USER-043,PROD-053,view,1770933990
USER-057,PROD-120,purchase,1770934790
USER-054,PROD-181,view,1770936082
USER-010,PROD-021,view,1770937626
USER-069,PROD-099,add_to_cart,1770938012
USER-069,PROD-104,view,1770939661
USER-051,PROD-033,view,1770941000
USER-069,PROD-064,view,1770942450
USER-035,PROD-156,view,1770944616
USER-049,PROD-052,view,1770944662
USER-042,PROD-081,view,1770945043
USER-025,PROD-148,add_to_cart,1770945094
USER-002,PROD-172,view,1770948047
USER-030,PROD-196,view,1770948944
USER-054,PROD-147,view,1770949359
USER-038,PROD-006,view,1770949881
USER-023,PROD-161,add_to_cart,1770950900
USER-003,PROD-027,view,1770952323
USER-022,PROD-179,view,1770952585
USER-026,PROD-163,view,1770953333
USER-033,PROD-021,view,1770955629
USER-028,PROD-191,view,1770955877
USER-069,PROD-150,add_to_cart,1770957524
USER-073,PROD-174,add_to_cart,1770958630
USER-030,PROD-156,view,1770959509
USER-075,PROD-042,view,1770960456
USER-016,PROD-141,purchase,1770960877
USER-074,PROD-161,view,1770961606
USER-016,PROD-012,purchase,1770961611
USER-004,PROD-107,view,1770961612
USER-019,PROD-002,view,1770961817
USER-061,PROD-125,add_to_cart,1770961857
USER-051,PROD-102,view,1770962819
USER-022,PROD-012,view,1770962880
USER-050,PROD-168,view,1770963805
USER-027,PROD-095,view,1770964040
USER-021,PROD-162,purchase,1770964371
USER-063,PROD-088,view,1770965720
USER-006,PROD-002,view,1770966886
USER-022,PROD-066,view,1770968362
USER-059,PROD-134,view,1770968588
USER-011,PROD-180,view,1770968988
USER-014,PROD-015,view,1770970791
USER-002,PROD-131,purchase,1770972112
USER-067,PROD-183,view,1770973185
USER-033,PROD-144,view,1770973599
USER-046,PROD-121,view,1770973680
USER-048,PROD-110,view,1770973699
USER-024,PROD-162,view,1770974037
USER-011,PROD-165,view,1770975447
USER-073,PROD-154,view,1770975652
USER-020,PROD-134,view,1770977465
USER-038,PROD-071,add_to_cart,1770977502
USER-071,PROD-064,view,1770977722
USER-074,PROD-060,view,1770981008
USER-017,PROD-131,add_to_cart,1770981018
USER-073,PROD-109,view,1770981303
USER-038,PROD-067,view,1770981591
USER-005,PROD-085,view,1770982188
USER-012,PROD-026,add_to_cart,1770982367
USER-038,PROD-081,view,1770982954
USER-008,PROD-181,view,1770983713
USER-071,PROD-059,view,1770984649
USER-019,PROD-042,add_to_cart,1770985011
USER-039,PROD-115,view,1770986197
USER-026,PROD-082,add_to_cart,1770987064
USER-004,PROD-097,view,1770989285
USER-057,PROD-117,view,1770990862
USER-033,PROD-114,purchase,1770993779
USER-073,PROD-190,purchase,1770994269
USER-034,PROD-048,view,1770994600
USER-020,PROD-007,view,1770994930
USER-061,PROD-111,add_to_cart,1770995169
USER-019,PROD-021,view,1770997240
USER-067,PROD-190,view,1770998432
USER-068,PROD-087,view,1770998464
USER-066,PROD-162,view,1770998511
USER-019,PROD-078,add_to_cart,1770998875
USER-031,PROD-173,view,1770999047
USER-007,PROD-200,view,1770999069
USER-028,PROD-062,purchase,1771000507
USER-009,PROD-138,add_to_cart,1771003243
USER-041,PROD-084,view,1771005232
USER-062,PROD-084,view,1771006455
USER-043,PROD-102,view,1771008205
USER-046,PROD-001,view,1771010161
USER-006,PROD-098,view,1771010645
USER-072,PROD-059,view,1771011554
USER-016,PROD-078,view,1771013701
USER-026,PROD-060,view,1771014454
USER-075,PROD-154,view,1771015328
USER-012,PROD-127,view,1771015448
USER-027,PROD-064,view,1771018014
USER-008,PROD-054,purchase,1771018281
USER-065,PROD-027,view,1771018394
USER-061,PROD-114,view,1771020427
USER-004,PROD-089,add_to_cart,1771020448
USER-028,PROD-096,add_to_cart,1771021002
USER-022,PROD-002,view,1771022892
USER-004,PROD-175,view,1771025450
USER-015,PROD-063,view,1771026915
USER-064,PROD-076,view,1771027174
USER-050,PROD-128,view,1771029949
USER-003,PROD-163,add_to_cart,1771030123
USER-023,PROD-076,add_to_cart,1771030179
USER-051,PROD-125,view,1771031249
USER-064,PROD-051,view,1771032042
USER-012,PROD-045,view,1771033370
USER-054,PROD-126,view,1771034925
USER-002,PROD-047,view,1771035459
USER-027,PROD-114,view,1771036224
USER-043,PROD-057,view,1771038013
USER-071,PROD-083,view,1771038077
USER-016,PROD-101,view,1771038855
USER-059,PROD-156,view,1771044230
USER-051,PROD-074,view,1771045873
USER-074,PROD-132,add_to_cart,1771046106
USER-038,PROD-080,view,1771049975
USER-018,PROD-111,view,1771050541
USER-072,PROD-057,purchase,1771051752
USER-001,PROD-149,view,1771052373
USER-041,PROD-019,view,1771052909
USER-049,PROD-040,view,1771052918
USER-068,PROD-197,view,1771053068
USER-039,PROD-069,view,1771053551
USER-070,PROD-147,view,1771054489
USER-074,PROD-141,view,1771058605
USER-003,PROD-132,view,1771061495
USER-021,PROD-176,view,1771062329
USER-049,PROD-142,view,1771063158
USER-010,PROD-110,view,1771064087
USER-075,PROD-054,view,1771066482
USER-010,PROD-076,view,1771066951
USER-024,PROD-013,view,1771067876
USER-061,PROD-030,view,1771068646
USER-065,PROD-190,purchase,1771068890
USER-021,PROD-123,view,1771069003
USER-012,PROD-182,view,1771071294
USER-025,PROD-152,view,1771071815
USER-037,PROD-003,view,1771073985
USER-051,PROD-041,view,1771074655
USER-009,PROD-023,view,1771075633
USER-072,PROD-135,view,1771076169
USER-027,PROD-059,view,1771078868
USER-057,PROD-170,view,1771079171
USER-020,PROD-092,view,1771079677
USER-014,PROD-172,view,1771079953
USER-031,PROD-194,view,1771080290
USER-048,PROD-127,view,1771080585
USER-066,PROD-114,view,1771081017
USER-012,PROD-102,view,1771083748
USER-055,PROD-004,view,1771084789
USER-011,PROD-146,view,1771084810
USER-043,PROD-106,view,1771086257
USER-039,PROD-111,view,1771087198
USER-073,PROD-039,view,1771087686
USER-008,PROD-018,view,1771088199
USER-033,PROD-097,view,1771088441
USER-057,PROD-126,add_to_cart,1771088809
USER-054,PROD-132,view,1771090356
USER-074,PROD-073,view,1771090502
USER-019,PROD-025,view,1771090647
USER-013,PROD-163,view,1771090876
USER-023,PROD-191,view,1771091108
USER-046,PROD-061,view,1771091988
USER-038,PROD-064,view,1771092471
USER-029,PROD-099,view,1771092953
USER-012,PROD-013,view,1771094426
USER-026,PROD-018,view,1771095138
USER-061,PROD-115,view,1771095644
USER-071,PROD-113,view,1771096106
USER-053,PROD-038,view,1771096563
USER-058,PROD-153,add_to_cart,1771100066
USER-029,PROD-159,add_to_cart,1771101701
USER-038,PROD-174,view,1771102371
USER-025,PROD-171,view,1771106185
USER-060,PROD-021,purchase,1771108643
USER-038,PROD-006,view,1771109552
USER-067,PROD-195,view,1771109560
USER-048,PROD-061,view,1771110790
USER-010,PROD-115,view,1771112688
USER-066,PROD-161,view,1771115644
USER-026,PROD-003,view,1771116603
USER-018,PROD-128,view,1771118414
USER-044,PROD-182,view,1771118462
USER-015,PROD-107,view,1771118821
USER-018,PROD-100,add_to_cart,1771120085
USER-066,PROD-180,add_to_cart,1771120509
USER-072,PROD-171,view,1771121039
USER-040,PROD-013,view,1771121045
USER-058,PROD-193,add_to_cart,1771121716
USER-046,PROD-091,view,1771122176
USER-049,PROD-037,view,1771122498
USER-025,PROD-074,view,1771122968
USER-035,PROD-068,purchase,1771124568
USER-031,PROD-004,view,1771126494
USER-056,PROD-120,view,1771126508
USER-053,PROD-064,view,1771126611
USER-021,PROD-141,view,1771126796
USER-049,PROD-066,view,1771127276
USER-033,PROD-024,view,1771128197
USER-004,PROD-168,view,1771128859
USER-069,PROD-162,view,1771133676
USER-067,PROD-025,view,1771134175
USER-062,PROD-186,view,1771136361
USER-049,PROD-041,view,1771139061
USER-075,PROD-002,view,1771140002
USER-066,PROD-111,view,1771140376
USER-061,PROD-143,view,1771140540
USER-041,PROD-041,view,1771142157
USER-061,PROD-117,add_to_cart,1771144925
USER-066,PROD-175,view,1771145671
USER-048,PROD-169,view,1771146606
USER-036,PROD-120,view,1771146767
USER-053,PROD-052,view,1771147087
USER-074,PROD-193,add_to_cart,1771147169
USER-023,PROD-076,view,1771151334
USER-029,PROD-164,view,1771151817
USER-070,PROD-158,add_to_cart,1771151972
USER-033,PROD-175,view,1771154393
USER-033,PROD-040,view,1771154959
USER-045,PROD-016,view,1771155840
USER-042,PROD-149,view,1771156546
USER-018,PROD-036,view,1771156922
USER-072,PROD-087,view,1771157081
USER-041,PROD-030,purchase,1771157134
USER-043,PROD-121,add_to_cart,1771157153
USER-004,PROD-162,view,1771159679
USER-010,PROD-035,add_to_cart,1771161347
USER-069,PROD-157,view,1771162656
USER-058,PROD-193,view,1771165415
USER-069,PROD-054,add_to_cart,1771166018
USER-013,PROD-141,view,1771166435
USER-026,PROD-163,view,1771169075
USER-058,PROD-032,view,1771172194
USER-016,PROD-170,purchase,1771173374
USER-018,PROD-043,add_to_cart,1771173880
USER-024,PROD-001,view,1771174569
USER-074,PROD-165,view,1771175100
USER-057,PROD-112,view,1771176084
USER-012,PROD-058,add_to_cart,1771176432
USER-003,PROD-020,view,1771178166
USER-064,PROD-169,view,1771178806
USER-013,PROD-077,view,1771181287
USER-044,PROD-188,view,1771181813
USER-053,PROD-059,view,1771181904
USER-056,PROD-133,view,1771182018
USER-064,PROD-073,purchase,1771182037
USER-002,PROD-146,view,1771182086
USER-041,PROD-141,add_to_cart,1771182684
USER-022,PROD-117,view,1771184626
USER-012,PROD-043,add_to_cart,1771184906
USER-027,PROD-071,view,1771185225
USER-022,PROD-138,purchase,1771185642
USER-019,PROD-015,view,1771186055
USER-037,PROD-044,add_to_cart,1771186494
USER-030,PROD-134,view,1771187254
USER-042,PROD-149,view,1771189461
USER-038,PROD-078,view,1771190769
USER-037,PROD-084,view,1771191220
USER-041,PROD-068,view,1771194374
USER-025,PROD-058,view,1771194704
USER-006,PROD-001,view,1771197598
USER-069,PROD-178,view,1771198215
USER-031,PROD-027,add_to_cart,1771198227
USER-026,PROD-091,add_to_cart,1771199271
USER-054,PROD-147,view,1771200810
USER-021,PROD-122,add_to_cart,1771201336
USER-013,PROD-102,view,1771202686
USER-053,PROD-058,view,1771202765
USER-016,PROD-094,view,1771203356
USER-048,PROD-056,view,1771204390
USER-073,PROD-026,view,1771204680
USER-062,PROD-029,view,1771204805
USER-002,PROD-054,view,1771206879
USER-021,PROD-175,view,1771207304
USER-056,PROD-093,view,1771207958
USER-029,PROD-193,view,1771208197
USER-044,PROD-076,view,1771208230
USER-019,PROD-148,add_to_cart,1771208442
USER-055,PROD-097,view,1771208784
USER-063,PROD-133,add_to_cart,1771210520
USER-045,PROD-071,view,1771210521
USER-063,PROD-024,view,1771212515
USER-052,PROD-111,add_to_cart,1771213295
USER-011,PROD-074,view,1771214593
USER-075,PROD-056,view,1771216460
USER-034,PROD-116,view,1771219992
USER-039,PROD-134,view,1771221550
USER-018,PROD-059,view,1771222536
USER-053,PROD-192,view,1771223822
USER-036,PROD-113,view,1771223875
USER-015,PROD-128,add_to_cart,1771225232
USER-059,PROD-010,view,1771225490
USER-070,PROD-010,add_to_cart,1771226732
USER-036,PROD-071,view,1771226973
USER-038,PROD-101,view,1771227240
USER-059,PROD-111,add_to_cart,1771227284
USER-024,PROD-090,view,1771227539
USER-071,PROD-124,view,1771228252
USER-015,PROD-078,view,1771229181
USER-042,PROD-041,view,1771229199
USER-013,PROD-141,view,1771230095
USER-036,PROD-080,view,1771230848
USER-073,PROD-034,view,1771230896
USER-059,PROD-152,view,1771231127
USER-033,PROD-084,view,1771231578
USER-035,PROD-179,view,1771231715
USER-028,PROD-115,view,1771232312
USER-039,PROD-083,view,1771235129
USER-065,PROD-109,view,1771235575
USER-033,PROD-164,view,1771235965
USER-045,PROD-086,view,1771236516
USER-061,PROD-088,view,1771236994
USER-017,PROD-191,view,1771239660
USER-055,PROD-069,view,1771241104
USER-049,PROD-008,view,1771242549
USER-074,PROD-110,view,1771245604
USER-009,PROD-097,view,1771246672
USER-032,PROD-082,view,1771246871
USER-047,PROD-145,view,1771247031
USER-053,PROD-187,view,1771247245
USER-057,PROD-118,view,1771247276
USER-048,PROD-124,view,1771247559
USER-043,PROD-125,view,1771250419
USER-035,PROD-002,add_to_cart,1771251652
USER-016,PROD-124,view,1771253893
USER-020,PROD-138,view,1771255203
USER-002,PROD-152,view,1771255383
USER-009,PROD-057,view,1771255860
USER-060,PROD-061,view,1771255864
USER-004,PROD-140,view,1771257454
USER-045,PROD-095,view,1771258992
USER-006,PROD-040,view,1771259336
USER-068,PROD-174,view,1771259793
USER-019,PROD-160,view,1771265135
USER-058,PROD-198,view,1771267024
USER-022,PROD-186,view,1771268278
USER-010,PROD-013,view,1771269767
USER-002,PROD-172,view,1771270025
USER-052,PROD-123,view,1771270233
USER-044,PROD-069,view,1771270609
USER-008,PROD-182,view,1771271368
USER-005,PROD-038,view,1771272213
USER-032,PROD-127,add_to_cart,1771276638
USER-001,PROD-094,view,1771278733
USER-074,PROD-195,view,1771280893
USER-055,PROD-200,add_to_cart,1771281807
USER-075,PROD-141,view,1771282154
USER-058,PROD-037,view,1771282558
USER-068,PROD-174,view,1771284463
USER-057,PROD-024,add_to_cart,1771285646
USER-015,PROD-051,view,1771287087
USER-020,PROD-038,view,1771287480
USER-066,PROD-033,view,1771287721
USER-043,PROD-043,view,1771287789
USER-003,PROD-002,view,1771289053
USER-072,PROD-074,view,1771291553
USER-042,PROD-190,view,1771292388
USER-016,PROD-029,view,1771293010
USER-022,PROD-086,view,1771295668
USER-072,PROD-065,view,1771295770
USER-066,PROD-180,view,1771296334
USER-006,PROD-146,view,1771297299
USER-024,PROD-032,view,1771297914
USER-026,PROD-034,view,1771298648
USER-023,PROD-158,view,1771298886
USER-039,PROD-112,view,1771300483
USER-048,PROD-119,add_to_cart,1771300567
USER-041,PROD-059,view,1771301193
USER-056,PROD-025,view,1771302631
USER-049,PROD-188,view,1771302768
USER-005,PROD-132,purchase,1771304066
USER-016,PROD-011,view,1771304796
USER-020,PROD-081,view,1771305435
USER-032,PROD-109,view,1771306765
USER-006,PROD-189,view,1771308765
USER-013,PROD-131,view,1771309400
USER-013,PROD-121,view,1771310767
USER-031,PROD-190,add_to_cart,1771311246
USER-016,PROD-121,view,1771311296
USER-058,PROD-100,view,1771314425
USER-002,PROD-182,add_to_cart,1771314480
USER-018,PROD-091,view,1771314522
USER-033,PROD-149,view,1771316172
USER-039,PROD-102,purchase,1771318343
USER-017,PROD-160,view,1771321556
USER-046,PROD-050,view,1771322154
USER-060,PROD-158,view,1771322894
USER-058,PROD-170,view,1771323229
USER-004,PROD-086,view,1771324075
USER-072,PROD-176,view,1771324110
USER-038,PROD-037,view,1771324215
USER-005,PROD-065,add_to_cart,1771324349
USER-035,PROD-068,add_to_cart,1771326924
USER-066,PROD-061,add_to_cart,1771327460
USER-022,PROD-026,purchase,1771329159
USER-070,PROD-054,view,1771329746
USER-020,PROD-151,view,1771332697
USER-029,PROD-064,view,1771333818
USER-067,PROD-108,add_to_cart,1771334111
USER-041,PROD-187,view,1771334428
USER-058,PROD-180,view,1771335165
USER-019,PROD-001,view,1771335305
USER-001,PROD-072,view,1771336987
USER-055,PROD-010,add_to_cart,1771337178
USER-073,PROD-168,view,1771337803
USER-060,PROD-075,view,1771338074
USER-021,PROD-162,view,1771338393
USER-055,PROD-002,view,1771338654
USER-019,PROD-161,view,1771339332
USER-047,PROD-128,view,1771340125
USER-021,PROD-097,view,1771341284
USER-012,PROD-182,view,1771341404
USER-028,PROD-077,view,1771341663
USER-075,PROD-051,view,1771342115
USER-014,PROD-008,view,1771342557
USER-055,PROD-018,view,1771343444
USER-063,PROD-186,view,1771343583
USER-027,PROD-053,view,1771344275
USER-021,PROD-156,view,1771344321
USER-028,PROD-092,view,1771344998
USER-002,PROD-033,view,1771346003
USER-063,PROD-104,purchase,1771346439
USER-009,PROD-155,view,1771346661
USER-066,PROD-070,view,1771347471
USER-002,PROD-185,view,1771347801
USER-025,PROD-124,add_to_cart,1771349072
USER-004,PROD-159,view,1771349755
USER-069,PROD-164,add_to_cart,1771350685
USER-055,PROD-025,view,1771351683
USER-016,PROD-086,view,1771351842
USER-073,PROD-060,add_to_cart,1771354336
USER-033,PROD-014,view,1771354495
USER-058,PROD-177,view,1771355080
USER-035,PROD-037,view,1771355498
USER-020,PROD-106,view,1771355634
USER-033,PROD-170,add_to_cart,1771357095
USER-063,PROD-005,view,1771358937
USER-021,PROD-075,view,1771359000
USER-039,PROD-066,view,1771359466
USER-004,PROD-126,purchase,1771359496
USER-034,PROD-168,add_to_cart,1771360985
USER-070,PROD-102,add_to_cart,1771361557
USER-060,PROD-050,view,1771362518
USER-051,PROD-141,view,1771362827
USER-025,PROD-075,view,1771362986
USER-058,PROD-156,view,1771363056
USER-037,PROD-088,view,1771364770
USER-004,PROD-180,view,1771365127
USER-046,PROD-071,view,1771365234
USER-075,PROD-200,view,1771366993
USER-061,PROD-107,view,1771367077
USER-018,PROD-144,view,1771367695
USER-009,PROD-027,view,1771368624
USER-064,PROD-057,view,1771369050
USER-049,PROD-164,view,1771369603
USER-012,PROD-046,view,1771370140
USER-007,PROD-102,view,1771370350
USER-029,PROD-124,view,1771374801
USER-009,PROD-064,add_to_cart,1771379013
USER-047,PROD-159,view,1771379865
USER-061,PROD-161,purchase,1771380262
USER-050,PROD-171,view,1771381828
USER-048,PROD-108,add_to_cart,1771382336
USER-052,PROD-012,purchase,1771382379
USER-011,PROD-118,view,1771384150
USER-004,PROD-077,view,1771386723
USER-037,PROD-088,view,1771386996
USER-060,PROD-078,view,1771389335
USER-018,PROD-135,view,1771391311
USER-048,PROD-113,purchase,1771391881
USER-065,PROD-053,view,1771391882
USER-004,PROD-040,add_to_cart,1771393516
USER-023,PROD-190,view,1771393636
USER-027,PROD-060,view,1771395435
USER-018,PROD-142,view,1771395448
USER-070,PROD-030,view,1771396493
USER-044,PROD-191,view,1771397275
USER-022,PROD-190,view,1771397835
USER-031,PROD-168,view,1771398438
USER-021,PROD-100,view,1771401763
USER-026,PROD-144,view,1771401996
USER-025,PROD-006,view,1771403532
USER-009,PROD-100,view,1771404426
USER-039,PROD-184,view,1771405642
USER-048,PROD-039,view,1771410270
USER-063,PROD-153,view,1771411152
USER-058,PROD-169,view,1771411453
USER-048,PROD-152,view,1771411915
USER-010,PROD-080,view,1771413110
USER-027,PROD-090,add_to_cart,1771413993
USER-062,PROD-153,view,1771414197
USER-005,PROD-001,view,1771415019
USER-051,PROD-035,view,1771415569
USER-004,PROD-152,view,1771415997
USER-062,PROD-125,view,1771416966
USER-040,PROD-150,view,1771417366
USER-051,PROD-122,add_to_cart,1771417845
USER-073,PROD-125,add_to_cart,1771418303
USER-071,PROD-030,view,1771418767
USER-041,PROD-188,view,1771419416
USER-013,PROD-144,add_to_cart,1771419488
USER-032,PROD-113,view,1771419653
USER-055,PROD-095,purchase,1771419683
USER-062,PROD-096,view,1771423731
USER-017,PROD-191,view,1771424728
USER-028,PROD-058,view,1771427096
USER-018,PROD-137,view,1771428100
USER-011,PROD-179,add_to_cart,1771428811
USER-034,PROD-058,view,1771428889
USER-013,PROD-060,view,1771429140
USER-072,PROD-164,view,1771429253
USER-018,PROD-091,view,1771429389
USER-035,PROD-084,view,1771429841
USER-031,PROD-133,view,1771430531
USER-040,PROD-003,view,1771430991
USER-049,PROD-012,view,1771431235
USER-020,PROD-098,add_to_cart,1771431971
USER-025,PROD-124,view,1771437762
USER-012,PROD-041,add_to_cart,1771437918
USER-004,PROD-096,view,1771438082
USER-028,PROD-053,view,1771438811
USER-071,PROD-011,view,1771438941
USER-052,PROD-113,view,1771440408
USER-018,PROD-016,view,1771441796
USER-007,PROD-077,view,1771442024
USER-065,PROD-104,view,1771442242
USER-054,PROD-111,add_to_cart,1771442884
USER-046,PROD-034,view,1771442953
USER-002,PROD-050,view,1771446068
USER-050,PROD-110,view,1771446960
USER-022,PROD-001,purchase,1771447536
USER-062,PROD-061,view,1771449310
USER-066,PROD-108,view,1771449888
USER-058,PROD-171,view,1771449944
USER-028,PROD-100,view,1771450157
USER-005,PROD-114,view,1771451254
USER-010,PROD-019,view,1771451690
USER-055,PROD-185,view,1771452771
USER-073,PROD-113,add_to_cart,1771453056
USER-038,PROD-077,view,1771453995
USER-049,PROD-008,view,1771455076
USER-065,PROD-083,view,1771456504
USER-048,PROD-176,purchase,1771456549
USER-043,PROD-122,view,1771459636
USER-057,PROD-129,view,1771459868
USER-034,PROD-024,add_to_cart,1771461334
USER-073,PROD-068,view,1771462610
USER-028,PROD-078,view,1771463484
USER-074,PROD-048,view,1771471008
USER-003,PROD-008,view,1771471338
USER-032,PROD-091,add_to_cart,1771472374
USER-025,PROD-196,view,1771474653
USER-041,PROD-086,purchase,1771475438
USER-025,PROD-156,view,1771475550
USER-041,PROD-077,view,1771476025
USER-070,PROD-087,view,1771476425
USER-062,PROD-107,view,1771476833
USER-016,PROD-033,view,1771477644
USER-074,PROD-184,view,1771478225
USER-069,PROD-167,view,1771478831
USER-069,PROD-171,add_to_cart,1771480500
USER-074,PROD-107,view,1771482036
USER-045,PROD-055,view,1771482038
USER-001,PROD-012,view,1771483273
USER-073,PROD-144,view,1771483397
USER-039,PROD-179,view,1771483744
USER-039,PROD-094,view,1771483893
USER-011,PROD-172,view,1771484003
USER-035,PROD-037,view,1771484204
USER-043,PROD-012,view,1771484827
USER-001,PROD-145,view,1771485141
USER-003,PROD-083,view,1771486356
USER-021,PROD-078,view,1771487453
USER-067,PROD-093,view,1771487832
USER-047,PROD-127,view,1771487877
USER-011,PROD-188,view,1771491011
USER-044,PROD-192,view,1771494604
USER-055,PROD-103,view,1771494641
USER-063,PROD-062,view,1771495920
USER-023,PROD-177,view,1771497075
USER-044,PROD-199,view,1771498281
USER-058,PROD-112,purchase,1771498848
USER-037,PROD-093,add_to_cart,1771498944
USER-046,PROD-032,view,1771502436
USER-001,PROD-142,view,1771504605
USER-010,PROD-035,view,1771504737
USER-009,PROD-152,view,1771504911
USER-026,PROD-035,view,1771505486
USER-007,PROD-160,view,1771509925
USER-064,PROD-143,view,1771511117
USER-051,PROD-128,view,1771512113
USER-016,PROD-027,view,1771512182
USER-054,PROD-121,view,1771512691
USER-016,PROD-022,view,1771512728
USER-055,PROD-060,view,1771513528
USER-075,PROD-146,view,1771514096
USER-075,PROD-142,view,1771515537
USER-054,PROD-144,view,1771516301
USER-041,PROD-099,add_to_cart,1771516888
USER-027,PROD-043,view,1771518807
USER-033,PROD-157,view,1771519167
USER-008,PROD-176,view,1771519318
USER-074,PROD-140,view,1771520475
USER-040,PROD-196,view,1771520604
USER-027,PROD-058,add_to_cart,1771521896
USER-072,PROD-131,view,1771521998
USER-013,PROD-111,view,1771522223
USER-027,PROD-055,view,1771522601
USER-019,PROD-016,view,1771525325
USER-043,PROD-097,view,1771525713
USER-023,PROD-072,add_to_cart,1771526148
USER-002,PROD-129,view,1771527042
USER-022,PROD-048,view,1771528890
USER-007,PROD-023,view,1771529424
USER-019,PROD-142,view,1771529474
USER-073,PROD-013,view,1771529483
USER-069,PROD-180,add_to_cart,1771530568
USER-025,PROD-019,purchase,1771530581
USER-064,PROD-022,view,1771531894
USER-067,PROD-125,view,1771534013
USER-014,PROD-071,view,1771534998
USER-039,PROD-132,add_to_cart,1771535301
USER-021,PROD-137,view,1771537131
USER-004,PROD-074,add_to_cart,1771539831
USER-038,PROD-050,view,1771540703
USER-018,PROD-127,view,1771541510
USER-012,PROD-135,view,1771541671
USER-017,PROD-161,view,1771541852
USER-012,PROD-124,view,1771542130
USER-033,PROD-132,view,1771542481
USER-006,PROD-185,view,1771542845
USER-073,PROD-052,view,1771543682
USER-051,PROD-125,view,1771543973
USER-055,PROD-108,add_to_cart,1771544666
USER-004,PROD-092,add_to_cart,1771545499
USER-022,PROD-061,view,1771545765
USER-063,PROD-114,view,1771546138
USER-065,PROD-107,view,1771546160
USER-065,PROD-121,add_to_cart,1771546634
USER-066,PROD-051,view,1771546658
USER-016,PROD-009,view,1771547917
USER-005,PROD-033,view,1771548399
USER-042,PROD-183,view,1771548740
USER-051,PROD-013,view,1771549068
USER-058,PROD-200,view,1771549777
USER-024,PROD-081,view,1771551022
USER-043,PROD-088,add_to_cart,1771551980
USER-019,PROD-112,add_to_cart,1771552593
USER-059,PROD-141,view,1771552832
USER-007,PROD-158,add_to_cart,1771554294
USER-055,PROD-186,view,1771556861
USER-069,PROD-163,view,1771557078
USER-029,PROD-153,view,1771557198
USER-022,PROD-010,view,1771557459
USER-012,PROD-117,view,1771557790
USER-049,PROD-036,view,1771558111
USER-054,PROD-194,add_to_cart,1771558384
USER-048,PROD-100,add_to_cart,1771560986
USER-068,PROD-081,view,1771562074
USER-038,PROD-082,view,1771563155
USER-016,PROD-107,view,1771565749
USER-010,PROD-134,add_to_cart,1771566336
USER-068,PROD-149,view,1771566913
USER-068,PROD-137,view,1771569778
USER-045,PROD-061,view,1771570913
USER-030,PROD-115,view,1771572160
USER-017,PROD-001,view,1771572276
USER-029,PROD-179,add_to_cart,1771572791
USER-002,PROD-185,add_to_cart,1771574352
USER-007,PROD-073,view,1771574570
USER-038,PROD-019,view,1771574934
USER-045,PROD-011,view,1771575258
USER-054,PROD-195,view,1771576864
USER-064,PROD-074,purchase,1771577358
USER-011,PROD-140,add_to_cart,1771578470
USER-063,PROD-183,add_to_cart,1771579294
USER-037,PROD-153,view,1771580049
USER-038,PROD-015,add_to_cart,1771580578
USER-045,PROD-189,view,1771580648
USER-049,PROD-060,view,1771580737
USER-068,PROD-063,view,1771584459
USER-046,PROD-181,view,1771584496
USER-060,PROD-024,view,1771585106
USER-058,PROD-166,view,1771586030
USER-057,PROD-182,view,1771587310
USER-029,PROD-003,view,1771587700
USER-025,PROD-134,view,1771588050
USER-034,PROD-020,add_to_cart,1771589157
USER-068,PROD-156,view,1771589220
USER-049,PROD-054,view,1771589627
USER-073,PROD-053,view,1771590640
USER-035,PROD-005,view,1771590663
USER-053,PROD-064,add_to_cart,1771591822
USER-016,PROD-116,view,1771594347
USER-022,PROD-086,view,1771595036
USER-057,PROD-117,view,1771596001
USER-004,PROD-039,view,1771596053
USER-044,PROD-199,view,1771597663
USER-057,PROD-101,view,1771597712
USER-059,PROD-111,view,1771598903
USER-009,PROD-025,view,1771599132
USER-013,PROD-146,view,1771599922
USER-005,PROD-063,view,1771601035
USER-046,PROD-029,view,1771603137
USER-071,PROD-009,view,1771603600
USER-054,PROD-026,add_to_cart,1771603748
USER-026,PROD-139,view,1771603774
USER-072,PROD-087,view,1771605021
USER-064,PROD-097,view,1771605117
USER-025,PROD-020,view,1771605769
USER-005,PROD-029,view,1771605869
USER-059,PROD-086,view,1771606807
USER-053,PROD-152,add_to_cart,1771608956
USER-030,PROD-115,add_to_cart,1771609715
USER-065,PROD-055,add_to_cart,1771609766
USER-049,PROD-176,view,1771611130
USER-039,PROD-013,view,1771611933
USER-014,PROD-013,view,1771615484
USER-003,PROD-071,view,1771617223
USER-046,PROD-037,view,1771617524
USER-029,PROD-157,view,1771620525
USER-045,PROD-127,add_to_cart,1771621002
USER-006,PROD-026,view,1771622308
USER-050,PROD-148,add_to_cart,1771622907
USER-018,PROD-126,purchase,1771623721
USER-012,PROD-124,view,1771624835
USER-013,PROD-048,view,1771625755
USER-036,PROD-125,view,1771626082
USER-052,PROD-020,view,1771626164
USER-036,PROD-085,view,1771626976
USER-073,PROD-060,view,1771628310
USER-009,PROD-040,view,1771629132
USER-008,PROD-112,view,1771630352
USER-043,PROD-057,view,1771630977
USER-010,PROD-185,view,1771631018
USER-027,PROD-042,view,1771632233
USER-001,PROD-086,purchase,1771633227
USER-052,PROD-042,add_to_cart,1771634916
USER-013,PROD-138,add_to_cart,1771635775
USER-020,PROD-189,view,1771636202
USER-012,PROD-154,purchase,1771636759
USER-036,PROD-097,view,1771637934
USER-052,PROD-101,view,1771638179
USER-027,PROD-058,view,1771638194
USER-007,PROD-185,purchase,1771638245
USER-034,PROD-064,view,1771638649
USER-070,PROD-074,view,1771639429
USER-071,PROD-020,view,1771639746
USER-067,PROD-179,view,1771640168
USER-014,PROD-096,view,1771641900
USER-015,PROD-101,view,1771643441
USER-054,PROD-134,purchase,1771643473
USER-010,PROD-006,purchase,1771643588
USER-042,PROD-156,purchase,1771644078
USER-059,PROD-035,view,1771644588
USER-026,PROD-032,view,1771646189
USER-023,PROD-052,view,1771646760
USER-041,PROD-068,purchase,1771647597
USER-038,PROD-088,add_to_cart,1771650982
USER-037,PROD-052,view,1771652478
USER-048,PROD-080,view,1771652636
USER-020,PROD-173,view,1771655705
USER-001,PROD-146,purchase,1771658051
USER-012,PROD-032,view,1771658891
USER-025,PROD-124,view,1771660567
USER-055,PROD-091,view,1771661277
USER-052,PROD-181,view,1771662711
USER-035,PROD-194,view,1771665297
USER-031,PROD-005,view,1771665341
USER-027,PROD-041,purchase,1771668109
USER-075,PROD-046,view,1771669780
USER-009,PROD-028,add_to_cart,1771670381
USER-039,PROD-123,view,1771671042
USER-065,PROD-128,view,1771671347
USER-044,PROD-031,view,1771671631
USER-001,PROD-049,view,1771671684
USER-074,PROD-032,view,1771672064
USER-015,PROD-149,purchase,1771673881
USER-035,PROD-155,view,1771675772
USER-059,PROD-104,add_to_cart,1771676596
USER-010,PROD-018,view,1771676750
USER-022,PROD-008,view,1771679126
USER-033,PROD-168,view,1771680956
USER-010,PROD-014,view,1771681601
USER-072,PROD-156,view,1771682321
USER-061,PROD-178,view,1771683801
USER-029,PROD-140,view,1771684413
USER-006,PROD-083,view,1771684871
USER-064,PROD-104,view,1771685515
USER-064,PROD-018,view,1771685680
USER-023,PROD-166,add_to_cart,1771685845
USER-068,PROD-079,view,1771686253
USER-018,PROD-163,add_to_cart,1771688908
USER-007,PROD-194,view,1771689755
USER-041,PROD-091,add_to_cart,1771690000
USER-025,PROD-149,view,1771690441
USER-008,PROD-128,view,1771690566
USER-033,PROD-026,view,1771691699
USER-048,PROD-013,view,1771692023
USER-061,PROD-175,view,1771692164
USER-031,PROD-156,purchase,1771693848
USER-007,PROD-008,view,1771694551
USER-018,PROD-035,view,1771694893
USER-058,PROD-037,view,1771695163
USER-041,PROD-078,view,1771695617
USER-009,PROD-192,view,1771695897
USER-021,PROD-072,view,1771696258
USER-020,PROD-166,view,1771696306
USER-057,PROD-124,add_to_cart,1771697393
USER-063,PROD-142,view,1771698436
USER-012,PROD-037,view,1771698454
USER-048,PROD-152,view,1771700931
USER-032,PROD-110,view,1771701746
USER-041,PROD-022,view,1771701868
USER-045,PROD-022,add_to_cart,1771703366
USER-012,PROD-084,view,1771704342
USER-048,PROD-103,view,1771706588
USER-020,PROD-009,add_to_cart,1771706758
USER-050,PROD-180,view,1771707253
USER-010,PROD-014,view,1771707458
USER-074,PROD-092,view,1771707940
USER-048,PROD-003,view,1771708397
USER-020,PROD-066,purchase,1771711349
USER-058,PROD-173,view,1771713539
USER-053,PROD-049,view,1771714362
USER-051,PROD-033,view,1771714438
USER-072,PROD-102,view,1771715736
USER-039,PROD-110,view,1771716010
USER-044,PROD-038,view,1771716309
USER-074,PROD-073,view,1771717542
USER-026,PROD-144,view,1771718224
USER-012,PROD-146,purchase,1771718547
USER-014,PROD-097,view,1771720287
USER-058,PROD-052,add_to_cart,1771721040
USER-011,PROD-116,view,1771722038
USER-040,PROD-067,view,1771722142
USER-037,PROD-132,add_to_cart,1771722476
USER-074,PROD-036,view,1771724266
USER-066,PROD-107,view,1771724270
USER-016,PROD-009,add_to_cart,1771725416
USER-001,PROD-067,view,1771726614
USER-046,PROD-088,view,1771726935
USER-023,PROD-005,view,1771727158
USER-039,PROD-164,view,1771727257
USER-069,PROD-145,add_to_cart,1771727286
USER-008,PROD-186,view,1771730079
USER-026,PROD-034,view,1771732226
USER-058,PROD-036,view,1771736645
USER-043,PROD-065,view,1771737920
USER-005,PROD-079,view,1771738106
USER-069,PROD-028,view,1771739499
USER-058,PROD-131,view,1771739986
USER-045,PROD-156,view,1771740270
USER-051,PROD-115,view,1771740773
USER-028,PROD-045,add_to_cart,1771744787
USER-061,PROD-057,view,1771748549
USER-059,PROD-136,view,1771752483
USER-023,PROD-048,view,1771752946
USER-021,PROD-088,view,1771753648
USER-064,PROD-079,view,1771754413
USER-036,PROD-170,view,1771755474
USER-033,PROD-011,view,1771758860
USER-017,PROD-050,add_to_cart,1771759093
USER-067,PROD-164,view,1771759431
USER-055,PROD-017,view,1771761217
USER-023,PROD-100,view,1771761250
USER-044,PROD-197,view,1771762418
USER-014,PROD-057,view,1771766132
USER-050,PROD-157,add_to_cart,1771767204
USER-032,PROD-115,view,1771767797
USER-033,PROD-143,view,1771768880
USER-007,PROD-085,view,1771769664
USER-018,PROD-093,view,1771771192
USER-004,PROD-024,view,1771773312
USER-054,PROD-049,add_to_cart,1771773602
USER-071,PROD-059,add_to_cart,1771777569
USER-015,PROD-110,view,1771778106
USER-047,PROD-078,view,1771779386
USER-006,PROD-013,view,1771779885
USER-070,PROD-049,view,1771780181
USER-007,PROD-162,view,1771781889
USER-004,PROD-022,add_to_cart,1771784355
USER-034,PROD-059,view,1771784513
USER-011,PROD-133,view,1771784601
USER-024,PROD-028,view,1771786328
USER-072,PROD-153,view,1771786683
USER-012,PROD-066,view,1771787010
USER-006,PROD-104,view,1771787310
USER-045,PROD-067,view,1771791561
USER-042,PROD-086,view,1771793439
USER-036,PROD-186,view,1771794311
USER-071,PROD-130,view,1771794640
USER-036,PROD-120,view,1771795256
USER-007,PROD-193,view,1771795273
USER-075,PROD-167,add_to_cart,1771797009
USER-032,PROD-130,view,1771797370
USER-036,PROD-032,view,1771799877
USER-008,PROD-135,view,1771803613
USER-071,PROD-021,view,1771804580
USER-054,PROD-005,add_to_cart,1771805193
USER-027,PROD-007,view,1771806884
USER-048,PROD-039,view,1771807844
USER-057,PROD-051,view,1771809500
USER-018,PROD-032,add_to_cart,1771809950
USER-063,PROD-102,view,1771813289
USER-018,PROD-117,view,1771813332
USER-024,PROD-079,add_to_cart,1771816630
USER-072,PROD-132,view,1771816949
USER-021,PROD-024,view,1771822685
USER-054,PROD-195,view,1771824059
USER-017,PROD-115,add_to_cart,1771826549
USER-058,PROD-062,add_to_cart,1771827894
USER-004,PROD-034,view,1771827923
USER-069,PROD-026,view,1771829193
USER-019,PROD-063,view,1771830325
USER-038,PROD-003,view,1771831938
USER-073,PROD-159,view,1771834868
USER-039,PROD-077,view,1771834956
USER-031,PROD-180,view,1771835075
USER-075,PROD-147,purchase,1771836581
USER-017,PROD-178,view,1771836962
USER-050,PROD-182,view,1771838490
USER-063,PROD-100,view,1771839004
USER-060,PROD-175,view,1771839584
USER-018,PROD-109,view,1771841392
USER-036,PROD-083,view,1771841772
USER-064,PROD-117,view,1771842578
USER-054,PROD-122,view,1771842691
USER-067,PROD-128,view,1771843806
USER-054,PROD-183,view,1771844310
USER-004,PROD-166,view,1771845055
USER-034,PROD-123,view,1771845308
USER-049,PROD-173,view,1771851107
USER-064,PROD-096,view,1771851214
USER-009,PROD-023,view,1771852287
USER-004,PROD-170,view,1771853895
USER-003,PROD-083,view,1771854707
USER-052,PROD-176,view,1771856602
USER-024,PROD-035,add_to_cart,1771859047
USER-054,PROD-195,view,1771859163
USER-059,PROD-128,view,1771861094
USER-028,PROD-168,view,1771863273
USER-039,PROD-156,add_to_cart,1771864653
USER-061,PROD-174,view,1771864800
USER-038,PROD-027,purchase,1771865645
USER-033,PROD-140,purchase,1771868221
USER-055,PROD-169,view,1771869017
USER-034,PROD-155,view,1771869736
USER-069,PROD-134,view,1771869903
USER-017,PROD-045,add_to_cart,1771870541
USER-025,PROD-116,add_to_cart,1771871851
USER-040,PROD-158,view,1771872082
USER-030,PROD-111,add_to_cart,1771872574
USER-054,PROD-142,view,1771872633
USER-062,PROD-083,view,1771873664
USER-068,PROD-182,add_to_cart,1771876332
USER-001,PROD-139,view,1771877016
USER-036,PROD-170,view,1771877906
USER-058,PROD-113,view,1771879103
USER-035,PROD-075,view,1771881376
USER-021,PROD-177,view,1771883379
USER-047,PROD-022,view,1771883737
USER-039,PROD-003,view,1771884322
USER-041,PROD-013,view,1771886001
USER-018,PROD-159,view,1771886285
USER-068,PROD-196,view,1771887586
USER-023,PROD-071,add_to_cart,1771889151
USER-063,PROD-128,view,1771890068
USER-015,PROD-152,add_to_cart,1771890399
USER-006,PROD-181,view,1771890725
USER-004,PROD-123,view,1771892551
USER-041,PROD-104,add_to_cart,1771892697
USER-069,PROD-136,view,1771893297
USER-018,PROD-157,add_to_cart,1771894393
USER-052,PROD-018,view,1771895468
USER-040,PROD-026,view,1771896218
USER-038,PROD-065,view,1771896265
USER-066,PROD-102,view,1771897024
USER-049,PROD-014,view,1771898613
USER-034,PROD-102,view,1771899054
USER-045,PROD-142,view,1771900410
USER-030,PROD-178,view,1771901541
USER-054,PROD-138,purchase,1771901906
USER-070,PROD-068,view,1771902926
USER-031,PROD-018,add_to_cart,1771903314
USER-067,PROD-107,view,1771903637
USER-010,PROD-092,view,1771905050
USER-032,PROD-091,view,1771905422
USER-067,PROD-086,view,1771905432
USER-009,PROD-044,view,1771906424
USER-047,PROD-011,purchase,1771909631
USER-022,PROD-190,view,1771911575
USER-036,PROD-187,view,1771914007
USER-014,PROD-075,view,1771915846
USER-048,PROD-170,view,1771915990
USER-068,PROD-147,add_to_cart,1771916166
USER-016,PROD-081,view,1771917154
USER-024,PROD-173,view,1771917955
USER-033,PROD-189,view,1771920274
USER-063,PROD-016,view,1771922690
USER-026,PROD-029,view,1771922774
USER-058,PROD-200,add_to_cart,1771924202
USER-062,PROD-084,view,1771926215
USER-021,PROD-119,view,1771926981
USER-067,PROD-127,view,1771928527
USER-022,PROD-006,view,1771930033
USER-036,PROD-165,view,1771931022
USER-022,PROD-122,view,1771931432
USER-022,PROD-040,view,1771932039
USER-004,PROD-168,view,1771932295
USER-003,PROD-015,view,1771932343
USER-015,PROD-136,view,1771932640
USER-024,PROD-148,add_to_cart,1771935150
USER-073,PROD-038,view,1771937237
USER-008,PROD-101,view,1771939698
USER-070,PROD-085,purchase,1771939754
USER-056,PROD-115,view,1771940446
USER-004,PROD-068,view,1771942465
USER-049,PROD-075,view,1771942663
USER-036,PROD-129,view,1771943079
USER-008,PROD-107,add_to_cart,1771943599
USER-015,PROD-104,view,1771943932
USER-045,PROD-121,view,1771944519
USER-061,PROD-106,view,1771944818
USER-055,PROD-153,view,1771945662
USER-032,PROD-120,view,1771946010
USER-023,PROD-189,view,1771947431
USER-065,PROD-193,view,1771947692
USER-008,PROD-084,view,1771950196
USER-044,PROD-064,purchase,1771950518
USER-031,PROD-175,purchase,1771950756
USER-050,PROD-173,view,1771951351
USER-029,PROD-128,view,1771951500
USER-054,PROD-144,purchase,1771951812
USER-074,PROD-183,view,1771952173
USER-047,PROD-102,view,1771952404
USER-034,PROD-130,view,1771952537
USER-045,PROD-198,view,1771954086
USER-027,PROD-060,view,1771954426
USER-021,PROD-148,view,1771954896
USER-066,PROD-038,view,1771955005
USER-064,PROD-062,view,1771955039
USER-041,PROD-126,view,1771955210
USER-050,PROD-042,view,1771956303
USER-049,PROD-065,purchase,1771960031
USER-052,PROD-103,view,1771960593
USER-013,PROD-083,view,1771961797
USER-060,PROD-178,view,1771962289
USER-032,PROD-190,view,1771962446
USER-060,PROD-031,view,1771962519
USER-048,PROD-047,view,1771964308
USER-029,PROD-151,add_to_cart,1771964410
USER-010,PROD-051,purchase,1771964725
USER-031,PROD-027,view,1771965297
USER-026,PROD-060,view,1771965351
USER-068,PROD-052,view,1771967105
USER-047,PROD-186,add_to_cart,1771967698
USER-064,PROD-155,view,1771968376
USER-048,PROD-057,view,1771968621
USER-007,PROD-015,view,1771970860
USER-054,PROD-170,view,1771971307
USER-012,PROD-051,view,1771972021
USER-053,PROD-042,view,1771973140
USER-037,PROD-156,view,1771974489
USER-070,PROD-039,view,1771976078
USER-014,PROD-122,add_to_cart,1771978675
USER-024,PROD-172,view,1771980343
USER-025,PROD-084,view,1771980448
USER-058,PROD-128,view,1771980799
USER-024,PROD-112,view,1771981264
USER-005,PROD-152,view,1771982350
USER-069,PROD-158,view,1771983398
USER-040,PROD-035,view,1771985094
USER-024,PROD-154,view,1771985484
USER-013,PROD-181,purchase,1771986043
USER-019,PROD-133,view,1771986395
USER-072,PROD-080,view,1771986455
USER-047,PROD-152,add_to_cart,1771986727
USER-063,PROD-118,view,1771986946
USER-031,PROD-171,view,1771987168
USER-058,PROD-152,view,1771987307
USER-019,PROD-085,view,1771988296
USER-056,PROD-177,view,1771988331
USER-066,PROD-042,purchase,1771992201
USER-063,PROD-141,add_to_cart,1771993329
USER-008,PROD-075,view,1771995791
USER-028,PROD-059,view,1771999107
USER-036,PROD-199,view,1772001872
USER-044,PROD-051,view,1772003619
USER-051,PROD-088,add_to_cart,1772003648
USER-001,PROD-126,view,1772003705
USER-047,PROD-149,view,1772004278
USER-059,PROD-169,view,1772004839
USER-074,PROD-154,view,1772005939
USER-012,PROD-026,add_to_cart,1772006010
USER-048,PROD-047,view,1772007240
USER-056,PROD-097,add_to_cart,1772008225
USER-024,PROD-136,view,1772008654
USER-039,PROD-011,view,1772010808
USER-021,PROD-129,view,1772011570
USER-049,PROD-039,view,1772011954
USER-041,PROD-100,add_to_cart,1772014941
USER-015,PROD-155,view,1772016957
USER-066,PROD-066,view,1772017671
USER-022,PROD-110,purchase,1772019006
USER-030,PROD-065,view,1772019616
USER-047,PROD-187,view,1772020554
USER-047,PROD-151,view,1772021040
USER-042,PROD-056,view,1772022645
USER-034,PROD-173,view,1772022868
USER-068,PROD-191,view,1772024944
USER-019,PROD-025,view,1772024948
USER-072,PROD-143,view,1772026890
USER-012,PROD-172,add_to_cart,1772027413
USER-063,PROD-200,add_to_cart,1772027888
USER-017,PROD-161,view,1772029127
USER-003,PROD-135,view,1772030736
USER-061,PROD-107,purchase,1772033323
USER-042,PROD-111,view,1772033354
USER-038,PROD-097,purchase,1772034423
USER-037,PROD-110,view,1772035602
USER-019,PROD-149,add_to_cart,1772036453
USER-057,PROD-138,view,1772036788
USER-049,PROD-050,view,1772037262
USER-063,PROD-038,view,1772037724
USER-043,PROD-172,add_to_cart,1772037990
USER-065,PROD-200,view,1772039784
USER-004,PROD-183,add_to_cart,1772041285
USER-046,PROD-097,view,1772041606
USER-052,PROD-091,view,1772042506
USER-008,PROD-181,view,1772043720
USER-032,PROD-096,view,1772045105
USER-025,PROD-013,view,1772045274
USER-066,PROD-008,view,1772045949
USER-057,PROD-162,view,1772047069
USER-069,PROD-162,purchase,1772047464
USER-070,PROD-050,view,1772049859
USER-035,PROD-076,view,1772050507
USER-006,PROD-060,view,1772050686
USER-009,PROD-143,view,1772050967
USER-050,PROD-066,view,1772055293
USER-050,PROD-076,add_to_cart,1772059043
USER-074,PROD-110,view,1772062332
USER-056,PROD-004,view,1772062491
USER-031,PROD-147,view,1772066002
USER-019,PROD-081,view,1772066446
USER-010,PROD-078,purchase,1772067620
USER-009,PROD-039,view,1772068352
USER-023,PROD-189,view,1772069145
USER-008,PROD-137,add_to_cart,1772070356
USER-047,PROD-079,add_to_cart,1772071536
USER-068,PROD-180,view,1772073126
USER-071,PROD-002,view,1772073932
USER-040,PROD-197,view,1772075028
USER-025,PROD-187,view,1772075122
USER-038,PROD-054,add_to_cart,1772075434
USER-040,PROD-150,view,1772076702
USER-050,PROD-153,view,1772077080
USER-007,PROD-120,add_to_cart,1772077193
USER-068,PROD-101,view,1772077278
USER-071,PROD-061,purchase,1772077428
USER-045,PROD-053,view,1772078020
USER-019,PROD-087,view,1772078682
USER-043,PROD-047,view,1772079189
USER-070,PROD-086,view,1772079588
USER-067,PROD-187,view,1772080767
USER-074,PROD-191,view,1772082396
USER-003,PROD-113,view,1772082459
USER-061,PROD-112,view,1772082462
USER-011,PROD-034,add_to_cart,1772083182
USER-027,PROD-064,view,1772084509
USER-043,PROD-068,view,1772084790
USER-019,PROD-145,add_to_cart,1772084896
USER-004,PROD-157,view,1772085514
USER-065,PROD-149,view,1772087496
USER-046,PROD-079,view,1772088000
USER-061,PROD-161,view,1772088056
USER-016,PROD-064,view,1772088784
USER-074,PROD-080,view,1772089871
USER-044,PROD-063,view,1772090916
USER-016,PROD-120,view,1772090966
USER-022,PROD-131,view,1772091400
USER-060,PROD-003,view,1772092215
USER-035,PROD-067,add_to_cart,1772092716
USER-021,PROD-150,view,1772093688
USER-030,PROD-129,view,1772093881
USER-018,PROD-076,view,1772094389
USER-060,PROD-143,view,1772096821
USER-007,PROD-012,add_to_cart,1772097596
USER-005,PROD-024,add_to_cart,1772098965
USER-006,PROD-017,view,1772099072
USER-012,PROD-177,view,1772099099
USER-055,PROD-004,view,1772101195
USER-003,PROD-034,view,1772103998
USER-029,PROD-013,view,1772104265
USER-043,PROD-192,view,1772104729
USER-043,PROD-059,view,1772105354
USER-032,PROD-100,view,1772106425
USER-003,PROD-021,view,1772108275
USER-036,PROD-013,view,1772108888
USER-064,PROD-016,view,1772109295
USER-002,PROD-196,view,1772110248
USER-061,PROD-177,view,1772110847
USER-019,PROD-178,view,1772110993
USER-032,PROD-071,view,1772111294
USER-001,PROD-067,add_to_cart,1772112085
USER-043,PROD-149,view,1772112090
USER-053,PROD-033,purchase,1772115132
USER-004,PROD-079,view,1772116946
USER-012,PROD-022,view,1772117004
USER-057,PROD-078,view,1772117313
USER-030,PROD-101,view,1772117338
USER-064,PROD-078,view,1772119944
USER-035,PROD-075,view,1772120528
USER-004,PROD-030,view,1772123216
USER-047,PROD-198,view,1772123596
USER-065,PROD-026,view,1772124186
USER-049,PROD-123,add_to_cart,1772124547
USER-002,PROD-184,add_to_cart,1772126211
USER-053,PROD-185,view,1772127105
USER-036,PROD-125,view,1772127942
USER-060,PROD-077,view,1772128988
USER-022,PROD-176,view,1772131471
USER-006,PROD-042,view,1772131749
USER-003,PROD-069,view,1772132511
USER-031,PROD-033,view,1772132570
USER-039,PROD-031,view,1772133497
USER-014,PROD-100,view,1772134085
USER-061,PROD-019,view,1772134096
USER-023,PROD-170,view,1772134521
USER-020,PROD-191,view,1772134978
USER-040,PROD-070,view,1772135812
USER-015,PROD-111,purchase,1772137439
USER-020,PROD-190,view,1772137479
USER-065,PROD-052,view,1772139722
USER-019,PROD-090,view,1772140765
USER-034,PROD-007,view,1772141433
USER-019,PROD-119,view,1772146356
USER-042,PROD-164,view,1772147480
USER-038,PROD-019,view,1772147779
USER-014,PROD-129,purchase,1772148200
USER-043,PROD-187,view,1772148937
USER-007,PROD-179,view,1772150394
USER-026,PROD-163,view,1772151850
USER-073,PROD-127,view,1772151898
USER-066,PROD-059,view,1772153237
USER-034,PROD-021,view,1772153644
USER-002,PROD-139,view,1772154129
USER-056,PROD-100,purchase,1772154478
USER-062,PROD-173,view,1772155699
USER-070,PROD-042,view,1772155984
USER-075,PROD-113,view,1772156443
USER-002,PROD-139,view,1772156863
USER-068,PROD-169,add_to_cart,1772158286
USER-029,PROD-002,add_to_cart,1772158394
USER-025,PROD-132,view,1772158591
USER-039,PROD-014,add_to_cart,1772160569
USER-004,PROD-014,view,1772160591
USER-019,PROD-002,view,1772164418
USER-059,PROD-151,view,1772165147
USER-075,PROD-195,view,1772165273
USER-064,PROD-071,view,1772165537
USER-060,PROD-098,view,1772167611
USER-022,PROD-139,add_to_cart,1772168095
USER-060,PROD-158,purchase,1772168758
USER-054,PROD-126,view,1772169904
USER-050,PROD-043,view,1772170008
USER-031,PROD-195,add_to_cart,1772170590
USER-043,PROD-143,view,1772170816
USER-023,PROD-051,view,1772171712
USER-069,PROD-178,view,1772171776
USER-056,PROD-002,view,1772172588
USER-048,PROD-107,view,1772173307
USER-031,PROD-075,view,1772174820
USER-004,PROD-109,view,1772176772
USER-057,PROD-032,view,1772179235
USER-010,PROD-028,view,1772179333
USER-022,PROD-087,view,1772179669
USER-013,PROD-005,view,1772179691
USER-046,PROD-091,view,1772180412
USER-027,PROD-162,view,1772180952
USER-032,PROD-119,add_to_cart,1772180963
USER-012,PROD-032,view,1772181413
USER-020,PROD-028,view,1772181676
USER-038,PROD-048,add_to_cart,1772181895
USER-050,PROD-174,view,1772183658
USER-048,PROD-072,view,1772184683
USER-001,PROD-104,view,1772184775
USER-058,PROD-127,view,1772185062
USER-055,PROD-112,view,1772185107
USER-011,PROD-131,view,1772185226
USER-006,PROD-143,add_to_cart,1772185582
USER-012,PROD-048,purchase,1772186581
USER-007,PROD-031,view,1772189126
USER-011,PROD-140,view,1772189553
USER-072,PROD-001,view,1772190275
USER-049,PROD-048,add_to_cart,1772190856
USER-026,PROD-193,view,1772191458
USER-029,PROD-038,view,1772191629
USER-056,PROD-074,add_to_cart,1772192762
USER-055,PROD-190,add_to_cart,1772193819
USER-014,PROD-076,view,1772196590
USER-035,PROD-088,add_to_cart,1772202366
USER-041,PROD-037,view,1772202654
USER-012,PROD-066,purchase,1772203578
USER-049,PROD-018,view,1772203655
USER-057,PROD-057,view,1772204643
USER-040,PROD-094,view,1772205193
USER-062,PROD-071,add_to_cart,1772207372
USER-067,PROD-105,view,1772209847
USER-055,PROD-148,view,1772210301
USER-030,PROD-156,view,1772210530
USER-066,PROD-022,view,1772210945
USER-070,PROD-197,view,1772211732
USER-056,PROD-136,view,1772216470
USER-010,PROD-008,view,1772221080
USER-014,PROD-091,view,1772222498
USER-071,PROD-059,view,1772222931
USER-057,PROD-038,add_to_cart,1772223026
USER-066,PROD-112,add_to_cart,1772223278
USER-027,PROD-046,view,1772223816
USER-072,PROD-066,view,1772225107
USER-066,PROD-195,view,1772225847
USER-012,PROD-076,view,1772226284
USER-054,PROD-124,view,1772227635
USER-022,PROD-049,view,1772228264
USER-044,PROD-162,view,1772228319
USER-061,PROD-118,add_to_cart,1772229610
USER-016,PROD-102,add_to_cart,1772230990
USER-071,PROD-111,add_to_cart,1772232714
USER-057,PROD-081,view,1772235563
USER-001,PROD-035,view,1772236443
USER-062,PROD-033,view,1772236876
USER-026,PROD-060,view,1772237318
USER-063,PROD-085,add_to_cart,1772238336
USER-020,PROD-033,view,1772243515
USER-020,PROD-149,view,1772243820
USER-045,PROD-142,view,1772245578
USER-032,PROD-115,view,1772247952
USER-006,PROD-003,purchase,1772249955
USER-046,PROD-019,view,1772250190
USER-051,PROD-151,view,1772251002
USER-052,PROD-031,view,1772251270
USER-030,PROD-176,view,1772251450
USER-035,PROD-005,add_to_cart,1772253773
USER-014,PROD-012,view,1772253972
USER-060,PROD-061,add_to_cart,1772254401
USER-065,PROD-083,add_to_cart,1772255353
USER-070,PROD-027,add_to_cart,1772255497
USER-008,PROD-065,view,1772258335
USER-012,PROD-017,add_to_cart,1772258732
USER-027,PROD-082,view,1772258737
USER-011,PROD-122,view,1772259595
USER-049,PROD-066,view,1772259608
USER-018,PROD-151,view,1772260028
USER-047,PROD-186,view,1772260150
USER-045,PROD-072,add_to_cart,1772260918
USER-045,PROD-148,view,1772262569
USER-061,PROD-179,view,1772263067
USER-027,PROD-040,add_to_cart,1772263776
USER-005,PROD-042,view,1772263911
USER-063,PROD-108,view,1772264738
USER-067,PROD-112,view,1772264949
USER-052,PROD-131,view,1772266706
USER-024,PROD-168,view,1772267675
USER-061,PROD-130,add_to_cart,1772268499
USER-026,PROD-031,view,1772270214
USER-016,PROD-088,view,1772270377
USER-051,PROD-084,view,1772270438
USER-034,PROD-006,purchase,1772270618
USER-064,PROD-150,view,1772272297
USER-005,PROD-016,add_to_cart,1772272713
USER-067,PROD-068,view,1772272894
USER-048,PROD-037,view,1772273027
USER-043,PROD-008,purchase,1772273990
USER-022,PROD-022,view,1772274272
USER-056,PROD-152,view,1772274613
USER-011,PROD-171,add_to_cart,1772275579
USER-030,PROD-167,view,1772276419
USER-046,PROD-029,add_to_cart,1772277150
USER-033,PROD-114,view,1772277429
USER-063,PROD-191,view,1772278824
USER-070,PROD-192,view,1772279073
USER-070,PROD-010,view,1772279703
USER-068,PROD-011,add_to_cart,1772282444
USER-004,PROD-113,view,1772285081
USER-065,PROD-114,add_to_cart,1772285440
USER-058,PROD-145,view,1772285535
USER-069,PROD-172,view,1772285753
USER-075,PROD-144,view,1772287143
USER-073,PROD-054,add_to_cart,1772288174
USER-020,PROD-152,view,1772289326
USER-040,PROD-028,add_to_cart,1772290312
USER-024,PROD-082,view,1772290537
USER-033,PROD-038,add_to_cart,1772292645
USER-059,PROD-027,view,1772292769
USER-071,PROD-185,view,1772293553
USER-025,PROD-200,view,1772293706
USER-032,PROD-143,view,1772293849
USER-063,PROD-084,view,1772294294
USER-022,PROD-107,view,1772294981
USER-011,PROD-160,view,1772295949
USER-013,PROD-083,view,1772297624
USER-037,PROD-135,view,1772299738
USER-066,PROD-126,view,1772300139
USER-001,PROD-141,view,1772300328
USER-011,PROD-129,view,1772300463
USER-062,PROD-029,view,1772300575
USER-048,PROD-130,add_to_cart,1772300805
USER-053,PROD-190,view,1772301059
USER-047,PROD-105,view,1772301331
USER-072,PROD-088,add_to_cart,1772301467
USER-014,PROD-132,view,1772302824
USER-020,PROD-183,add_to_cart,1772303975
USER-012,PROD-015,add_to_cart,1772304985
USER-027,PROD-081,purchase,1772305350
USER-009,PROD-020,view,1772305536
USER-055,PROD-043,view,1772305895
USER-024,PROD-178,view,1772308746
USER-037,PROD-076,purchase,1772308850
USER-075,PROD-013,view,1772310036
USER-054,PROD-026,add_to_cart,1772310814
USER-036,PROD-083,view,1772310987
USER-051,PROD-019,view,1772314154
USER-026,PROD-165,view,1772315585
USER-024,PROD-097,view,1772316534
USER-015,PROD-041,view,1772317081
USER-003,PROD-199,view,1772317097
USER-067,PROD-135,view,1772318589
USER-004,PROD-177,view,1772318811
USER-062,PROD-196,add_to_cart,1772320150
USER-060,PROD-012,view,1772321090
USER-036,PROD-163,add_to_cart,1772321778
USER-052,PROD-156,add_to_cart,1772322862
USER-046,PROD-068,add_to_cart,1772323139
USER-066,PROD-121,view,1772324479
USER-036,PROD-126,view,1772324878
USER-022,PROD-127,add_to_cart,1772325221
USER-010,PROD-064,view,1772325434
USER-070,PROD-020,view,1772326031
USER-043,PROD-092,view,1772328020
USER-019,PROD-030,add_to_cart,1772331188
USER-020,PROD-056,view,1772332303
USER-008,PROD-128,view,1772333230
USER-012,PROD-029,view,1772333732
USER-064,PROD-127,view,1772334936
USER-071,PROD-002,add_to_cart,1772335862
USER-013,PROD-099,view,1772338202
USER-007,PROD-094,view,1772338468
USER-023,PROD-160,view,1772340069
USER-051,PROD-034,view,1772340272
USER-061,PROD-176,add_to_cart,1772343327
USER-027,PROD-134,view,1772343787
USER-012,PROD-032,view,1772343932
USER-016,PROD-108,view,1772344696
USER-019,PROD-043,view,1772347217
USER-020,PROD-184,view,1772349010
USER-048,PROD-124,view,1772350244
USER-020,PROD-128,view,1772351064
USER-072,PROD-055,view,1772351795
USER-051,PROD-017,view,1772354366
USER-038,PROD-003,view,1772355123
USER-073,PROD-035,view,1772355137
USER-052,PROD-121,view,1772355425
USER-074,PROD-063,view,1772355948
USER-056,PROD-018,view,1772357569
USER-057,PROD-183,view,1772358712
USER-020,PROD-176,view,1772359259
USER-065,PROD-157,view,1772359955
USER-031,PROD-033,view,1772360082
USER-070,PROD-032,view,1772362756
USER-001,PROD-086,add_to_cart,1772362815
USER-027,PROD-111,view,1772364005
USER-006,PROD-013,view,1772365101
USER-016,PROD-118,view,1772365312
USER-062,PROD-061,view,1772366243
USER-045,PROD-082,view,1772366360
USER-052,PROD-141,add_to_cart,1772367380
USER-061,PROD-195,view,1772369137
USER-060,PROD-003,view,1772369306
USER-073,PROD-193,view,1772369381
USER-021,PROD-087,view,1772371110
USER-005,PROD-091,add_to_cart,1772371423
USER-008,PROD-096,purchase,1772372654
USER-003,PROD-049,view,1772374001
USER-010,PROD-079,view,1772375217
USER-011,PROD-095,view,1772376674
USER-067,PROD-088,add_to_cart,1772378259
USER-035,PROD-066,view,1772380498
USER-013,PROD-053,add_to_cart,1772381640
USER-047,PROD-195,view,1772382422
USER-027,PROD-078,add_to_cart,1772383539
USER-066,PROD-002,view,1772383663
USER-013,PROD-153,view,1772384255
USER-042,PROD-141,view,1772384337
USER-033,PROD-016,view,1772384710
USER-059,PROD-109,view,1772385070
USER-012,PROD-067,view,1772388858
USER-003,PROD-090,add_to_cart,1772390099
USER-071,PROD-129,view,1772390544
USER-007,PROD-039,purchase,1772392188
USER-047,PROD-041,view,1772398636
USER-051,PROD-005,purchase,1772400802
USER-029,PROD-151,add_to_cart,1772401368
USER-049,PROD-126,add_to_cart,1772402188
USER-069,PROD-035,view,1772402353
USER-008,PROD-100,add_to_cart,1772402631
USER-045,PROD-143,view,1772403076
USER-018,PROD-133,view,1772403407
USER-051,PROD-029,view,1772405251
USER-074,PROD-186,view,1772406255
USER-003,PROD-040,view,1772406492
USER-049,PROD-085,view,1772406768
USER-014,PROD-046,view,1772406878
USER-023,PROD-099,view,1772407199
USER-051,PROD-015,add_to_cart,1772408634
USER-022,PROD-039,view,1772409484
USER-043,PROD-146,add_to_cart,1772409916
USER-046,PROD-102,view,1772410492
USER-042,PROD-082,view,1772410755
USER-055,PROD-076,view,1772410868
USER-030,PROD-105,view,1772414040
USER-073,PROD-055,view,1772414315
USER-046,PROD-020,add_to_cart,1772416113
USER-008,PROD-002,view,1772416331
USER-066,PROD-059,view,1772418298
USER-074,PROD-051,add_to_cart,1772419737
USER-001,PROD-077,view,1772420865
USER-069,PROD-121,view,1772421756
USER-022,PROD-103,view,1772421881
USER-044,PROD-062,view,1772422032
USER-068,PROD-084,view,1772423588
USER-064,PROD-143,view,1772424407
USER-055,PROD-076,view,1772424703
USER-031,PROD-137,view,1772424748
USER-003,PROD-122,view,1772424875
USER-051,PROD-179,view,1772425146
USER-036,PROD-112,view,1772425185
USER-010,PROD-007,add_to_cart,1772426174
USER-011,PROD-103,view,1772426765
USER-054,PROD-182,view,1772428550
USER-001,PROD-056,view,1772429761
USER-001,PROD-026,add_to_cart,1772432323
USER-064,PROD-145,add_to_cart,1772433014
USER-009,PROD-073,view,1772433029
USER-009,PROD-054,view,1772433097
USER-021,PROD-074,view,1772433594
USER-064,PROD-102,view,1772434297
USER-032,PROD-112,view,1772434412
USER-062,PROD-117,view,1772434740
USER-032,PROD-103,view,1772435654
USER-063,PROD-191,view,1772437794
USER-071,PROD-011,view,1772438230
USER-012,PROD-060,view,1772438598
USER-010,PROD-077,view,1772441248
USER-029,PROD-132,view,1772441286
USER-066,PROD-051,view,1772441972
USER-030,PROD-169,purchase,1772443880
USER-069,PROD-178,view,1772445488
USER-031,PROD-012,view,1772446884
USER-018,PROD-088,view,1772448567
USER-058,PROD-065,add_to_cart,1772449423
USER-061,PROD-129,view,1772450070
USER-015,PROD-070,view,1772450318
USER-025,PROD-162,view,1772450927
USER-071,PROD-031,view,1772453322
USER-048,PROD-046,view,1772454296
USER-070,PROD-024,view,1772455014
USER-001,PROD-085,view,1772455398
USER-056,PROD-025,view,1772455429
USER-067,PROD-193,add_to_cart,1772455736
USER-028,PROD-180,view,1772456081
USER-050,PROD-156,purchase,1772456310
USER-048,PROD-047,view,1772457452
USER-064,PROD-084,view,1772457965
USER-051,PROD-022,view,1772458137
USER-028,PROD-193,view,1772458523
USER-003,PROD-075,view,1772459144
USER-030,PROD-159,view,1772459497
USER-044,PROD-126,view,1772459528
USER-073,PROD-068,add_to_cart,1772461128
USER-028,PROD-072,purchase,1772462074
USER-047,PROD-195,add_to_cart,1772464800
USER-037,PROD-047,view,1772467361
USER-026,PROD-137,add_to_cart,1772468355
USER-068,PROD-172,add_to_cart,1772469164
USER-031,PROD-021,view,1772469542
USER-019,PROD-179,view,1772470735
USER-012,PROD-046,view,1772471173
USER-041,PROD-085,view,1772472036
USER-042,PROD-089,view,1772472127
USER-004,PROD-090,add_to_cart,1772475734
USER-010,PROD-073,view,1772476083
USER-039,PROD-101,add_to_cart,1772476663
USER-010,PROD-006,purchase,1772476940
USER-018,PROD-171,add_to_cart,1772477133
USER-068,PROD-136,view,1772477776
USER-005,PROD-108,view,1772481137
USER-050,PROD-158,view,1772482188
USER-023,PROD-168,add_to_cart,1772483719
USER-005,PROD-159,view,1772484450
USER-063,PROD-062,add_to_cart,1772485093
USER-045,PROD-098,view,1772486444
USER-015,PROD-008,view,1772489794
USER-047,PROD-197,view,1772492725
USER-002,PROD-138,view,1772497512
USER-066,PROD-002,view,1772497762
USER-054,PROD-147,view,1772498545
USER-030,PROD-178,add_to_cart,1772500880
USER-044,PROD-063,add_to_cart,1772503952
USER-013,PROD-161,view,1772504573
USER-035,PROD-049,view,1772505213
USER-060,PROD-008,view,1772508445
USER-048,PROD-111,view,1772508710
USER-037,PROD-103,view,1772509777
USER-047,PROD-135,purchase,1772510506
USER-023,PROD-090,purchase,1772510542
USER-071,PROD-119,add_to_cart,1772510688
USER-027,PROD-041,add_to_cart,1772514636
USER-040,PROD-040,add_to_cart,1772517051
USER-048,PROD-094,view,1772518244
USER-032,PROD-170,add_to_cart,1772518488
USER-055,PROD-168,view,1772519097
USER-057,PROD-047,add_to_cart,1772519364
USER-069,PROD-170,view,1772519932
USER-014,PROD-028,view,1772519973
USER-070,PROD-052,view,1772520289
USER-054,PROD-129,view,1772520570
USER-024,PROD-124,add_to_cart,1772521140
USER-056,PROD-090,view,1772522215
USER-006,PROD-192,add_to_cart,1772523026
USER-058,PROD-012,view,1772524054
USER-007,PROD-193,view,1772524135
USER-073,PROD-114,purchase,1772525600
USER-056,PROD-052,view,1772525663
USER-061,PROD-171,view,1772526160
USER-022,PROD-087,add_to_cart,1772527607
USER-069,PROD-129,view,1772527953
USER-070,PROD-064,view,1772529670
USER-032,PROD-095,view,1772530707
USER-067,PROD-084,view,1772530834
USER-062,PROD-058,view,1772531291
USER-014,PROD-051,purchase,1772531567
USER-059,PROD-113,view,1772531735
USER-061,PROD-102,view,1772531941
USER-018,PROD-072,view,1772531988
USER-047,PROD-118,purchase,1772533144
USER-014,PROD-124,view,1772534232
USER-003,PROD-145,view,1772535039
USER-048,PROD-073,view,1772535417
USER-038,PROD-119,view,1772536199
USER-044,PROD-148,purchase,1772536900
USER-062,PROD-066,add_to_cart,1772537465
USER-057,PROD-126,view,1772538514
USER-069,PROD-133,view,1772538928
USER-042,PROD-119,view,1772541013
USER-006,PROD-166,view,1772541111
USER-034,PROD-162,view,1772541430
USER-025,PROD-176,view,1772542533
USER-065,PROD-126,view,1772542610
USER-049,PROD-119,view,1772543168
USER-011,PROD-170,view,1772543592
USER-068,PROD-090,view,1772545001
USER-058,PROD-043,view,1772546879
USER-056,PROD-126,view,1772547237
USER-002,PROD-183,view,1772547274
USER-047,PROD-113,add_to_cart,1772547312
USER-061,PROD-103,view,1772547376
USER-049,PROD-102,view,1772548405
USER-045,PROD-137,add_to_cart,1772549572
USER-035,PROD-043,view,1772549688
USER-066,PROD-156,view,1772551992
USER-028,PROD-167,add_to_cart,1772552573
USER-044,PROD-066,view,1772553701
USER-039,PROD-123,add_to_cart,1772554507
USER-046,PROD-035,view,1772554775
USER-026,PROD-155,view,1772555113
USER-028,PROD-080,view,1772555124
USER-050,PROD-137,view,1772557788
USER-011,PROD-172,view,1772558819
USER-040,PROD-027,add_to_cart,1772559271
USER-049,PROD-164,view,1772559584
USER-054,PROD-068,add_to_cart,1772561982
USER-075,PROD-070,view,1772562324
USER-022,PROD-081,view,1772563156
USER-033,PROD-106,view,1772563900
USER-043,PROD-045,view,1772564373
USER-005,PROD-098,view,1772565047
USER-068,PROD-165,purchase,1772566217
USER-004,PROD-075,add_to_cart,1772566469
USER-052,PROD-092,view,1772567620
USER-025,PROD-145,view,1772567764
USER-062,PROD-194,view,1772568633
USER-058,PROD-117,view,1772571035
USER-029,PROD-004,add_to_cart,1772571951
USER-043,PROD-188,view,1772574104
USER-026,PROD-009,view,1772575210
USER-038,PROD-191,view,1772576863
USER-023,PROD-009,view,1772578302
USER-042,PROD-199,view,1772579104
USER-001,PROD-045,view,1772579904
USER-063,PROD-129,view,1772581031
USER-049,PROD-004,view,1772581444
USER-062,PROD-086,view,1772584596
USER-008,PROD-141,view,1772584763
USER-052,PROD-025,add_to_cart,1772587253
USER-033,PROD-008,view,1772588310
USER-074,PROD-055,view,1772589031
USER-055,PROD-061,view,1772589059
USER-052,PROD-003,view,1772590690
USER-045,PROD-011,view,1772590827
USER-004,PROD-159,view,1772591822
USER-069,PROD-169,view,1772591983
USER-039,PROD-102,view,1772593170
USER-031,PROD-038,view,1772594279
USER-064,PROD-094,view,1772595662
USER-008,PROD-041,view,1772597208
USER-014,PROD-159,view,1772597411
USER-015,PROD-176,view,1772598386
USER-059,PROD-157,view,1772598712
USER-028,PROD-151,add_to_cart,1772598961
USER-048,PROD-130,view,1772599179
USER-055,PROD-010,view,1772600664
USER-017,PROD-128,view,1772601412
USER-073,PROD-005,view,1772603068
USER-029,PROD-140,view,1772603779
USER-067,PROD-104,view,1772603829
USER-016,PROD-097,purchase,1772605041
USER-071,PROD-010,view,1772606117
USER-065,PROD-114,view,1772606496
USER-035,PROD-072,view,1772607204
USER-035,PROD-063,view,1772607614
USER-021,PROD-079,add_to_cart,1772612331
USER-066,PROD-012,view,1772612884
USER-052,PROD-018,view,1772613557
USER-072,PROD-052,purchase,1772613930
USER-006,PROD-034,view,1772615255
USER-030,PROD-106,purchase,1772617425
USER-001,PROD-041,view,1772617907
USER-043,PROD-074,view,1772618321
USER-014,PROD-082,add_to_cart,1772618760
USER-053,PROD-096,view,1772619669
USER-060,PROD-074,view,1772620280
USER-029,PROD-066,view,1772620489
USER-052,PROD-104,view,1772622222
USER-007,PROD-035,view,1772622330
USER-037,PROD-149,view,1772623514
USER-071,PROD-120,view,1772624014
USER-044,PROD-060,add_to_cart,1772625238
USER-042,PROD-131,view,1772626229
USER-015,PROD-059,view,1772626334
USER-004,PROD-034,view,1772626660
USER-014,PROD-089,view,1772626738
USER-003,PROD-084,view,1772627158
USER-043,PROD-105,view,1772627687
USER-036,PROD-113,view,1772627736
USER-067,PROD-129,view,1772630859
USER-054,PROD-155,view,1772631663
USER-006,PROD-008,view,1772632340
USER-002,PROD-184,view,1772634659
USER-045,PROD-016,view,1772634730
USER-014,PROD-054,view,1772635574
USER-046,PROD-119,add_to_cart,1772635938
USER-018,PROD-122,purchase,1772637156
USER-065,PROD-109,view,1772638789
USER-054,PROD-088,view,1772639812
USER-007,PROD-057,view,1772641272
USER-058,PROD-063,view,1772641300
USER-075,PROD-019,view,1772641644
USER-058,PROD-161,purchase,1772642650
USER-032,PROD-132,view,1772643061
USER-065,PROD-034,add_to_cart,1772643241
USER-026,PROD-008,view,1772644036
USER-016,PROD-081,view,1772647207
USER-065,PROD-097,purchase,1772648138
USER-075,PROD-171,purchase,1772648158
USER-047,PROD-183,view,1772648704
USER-012,PROD-050,view,1772649018
USER-030,PROD-138,view,1772649690
USER-010,PROD-003,view,1772649974
USER-002,PROD-186,view,1772650203
USER-044,PROD-198,view,1772651050
USER-026,PROD-025,view,1772654210
USER-032,PROD-086,view,1772654731
USER-043,PROD-002,view,1772654864
USER-028,PROD-095,add_to_cart,1772655860
USER-014,PROD-111,view,1772656112
USER-074,PROD-069,view,1772656546
USER-023,PROD-091,view,1772657203
USER-025,PROD-050,view,1772660204
USER-005,PROD-108,view,1772660674
USER-068,PROD-085,view,1772661410
USER-071,PROD-143,view,1772662011
USER-072,PROD-131,view,1772662887
USER-059,PROD-131,view,1772664843
USER-039,PROD-104,purchase,1772665886
USER-023,PROD-050,view,1772665909
USER-012,PROD-118,view,1772667471
USER-032,PROD-095,view,1772667484
USER-069,PROD-165,view,1772667813
USER-041,PROD-131,purchase,1772668546
USER-009,PROD-097,view,1772670613
USER-073,PROD-144,view,1772671377
USER-022,PROD-125,view,1772671726
USER-025,PROD-006,view,1772671915
USER-039,PROD-092,view,1772672424
USER-008,PROD-188,add_to_cart,1772673487
USER-041,PROD-047,purchase,1772673714
USER-065,PROD-189,view,1772675583
USER-032,PROD-111,view,1772676425
USER-024,PROD-094,view,1772676808
USER-022,PROD-198,view,1772677946
USER-063,PROD-019,add_to_cart,1772678350
USER-039,PROD-160,view,1772680047
USER-017,PROD-152,view,1772680297
USER-033,PROD-174,view,1772680397
USER-048,PROD-049,purchase,1772681492
USER-022,PROD-151,view,1772682416
USER-069,PROD-142,view,1772682570
USER-054,PROD-189,view,1772682670
USER-008,PROD-086,view,1772683456
USER-024,PROD-072,view,1772683966
USER-010,PROD-078,purchase,1772685209
USER-055,PROD-077,purchase,1772686163
USER-005,PROD-049,view,1772686632
USER-069,PROD-109,purchase,1772687068
USER-024,PROD-030,view,1772690331
USER-071,PROD-003,add_to_cart,1772690596
USER-014,PROD-136,view,1772691059
USER-070,PROD-190,add_to_cart,1772691371
USER-057,PROD-053,add_to_cart,1772691751
USER-052,PROD-157,view,1772692744
USER-034,PROD-055,view,1772693227
USER-063,PROD-129,add_to_cart,1772693821
USER-011,PROD-190,view,1772694305
USER-046,PROD-176,view,1772694341
USER-021,PROD-140,view,1772695188
USER-022,PROD-114,add_to_cart,1772695288
USER-009,PROD-064,view,1772697900
USER-068,PROD-082,view,1772698526
USER-067,PROD-113,view,1772698666
USER-063,PROD-040,view,1772699357
USER-045,PROD-148,view,1772700672
USER-054,PROD-140,view,1772701718
USER-003,PROD-057,view,1772703517
USER-022,PROD-018,view,1772703869
USER-073,PROD-078,view,1772704178
USER-065,PROD-059,view,1772704508
USER-019,PROD-178,view,1772704846
USER-030,PROD-109,view,1772706658
USER-044,PROD-031,purchase,1772706930
USER-017,PROD-015,view,1772707466
USER-052,PROD-114,purchase,1772708597
USER-015,PROD-150,view,1772709416
USER-054,PROD-130,view,1772710751
USER-002,PROD-136,view,1772713412
USER-039,PROD-006,view,1772713590
USER-003,PROD-047,purchase,1772714321
USER-068,PROD-168,view,1772719316
USER-006,PROD-192,view,1772721497
USER-073,PROD-107,view,1772724125
USER-042,PROD-090,view,1772725678
USER-032,PROD-088,view,1772728374
USER-067,PROD-084,view,1772728447
USER-052,PROD-099,purchase,1772728583
USER-030,PROD-169,view,1772728712
USER-034,PROD-048,add_to_cart,1772729587
USER-075,PROD-061,view,1772731633
USER-065,PROD-060,view,1772733634
USER-033,PROD-130,view,1772733706
USER-013,PROD-072,purchase,1772734011
USER-065,PROD-136,view,1772734447
USER-008,PROD-002,view,1772734487
USER-074,PROD-023,add_to_cart,1772734777
USER-005,PROD-162,add_to_cart,1772735304
USER-062,PROD-160,view,1772736101
USER-064,PROD-071,purchase,1772736711
USER-016,PROD-087,view,1772737418
USER-012,PROD-025,view,1772737921
USER-070,PROD-060,view,1772739312
USER-017,PROD-039,view,1772741141
USER-056,PROD-032,add_to_cart,1772741423
USER-021,PROD-169,view,1772742083
USER-022,PROD-128,add_to_cart,1772743535
USER-022,PROD-006,view,1772745136
USER-004,PROD-139,purchase,1772746550
USER-017,PROD-014,add_to_cart,1772746740
USER-035,PROD-051,view,1772747201
USER-047,PROD-181,view,1772747314
USER-075,PROD-132,view,1772749199
USER-030,PROD-196,view,1772749275
USER-059,PROD-161,view,1772749576
USER-019,PROD-098,view,1772751562
USER-002,PROD-139,view,1772751974
USER-001,PROD-006,view,1772752777
USER-003,PROD-061,add_to_cart,1772756365
USER-043,PROD-064,view,1772756433
USER-054,PROD-102,view,1772757273
USER-062,PROD-131,view,1772758513
USER-066,PROD-047,view,1772762203
USER-001,PROD-022,view,1772763555
USER-068,PROD-184,add_to_cart,1772763759
USER-025,PROD-041,view,1772763920
USER-003,PROD-014,view,1772765566
USER-037,PROD-122,view,1772765936
USER-019,PROD-013,view,1772769960
USER-031,PROD-156,view,1772771187
USER-009,PROD-171,view,1772771355
USER-009,PROD-132,view,1772772142
USER-036,PROD-074,view,1772775420
USER-068,PROD-135,view,1772775672
USER-024,PROD-132,view,1772775980
USER-036,PROD-047,purchase,1772776473
USER-029,PROD-063,view,1772778373
USER-008,PROD-197,view,1772781404
USER-015,PROD-043,add_to_cart,1772781945
USER-038,PROD-047,view,1772783040
USER-049,PROD-083,add_to_cart,1772783061
USER-072,PROD-103,view,1772783732
USER-014,PROD-050,view,1772786186
USER-029,PROD-070,view,1772786804
USER-059,PROD-089,view,1772789368
USER-071,PROD-002,add_to_cart,1772789460
USER-039,PROD-185,view,1772790672
USER-075,PROD-068,purchase,1772795656
USER-066,PROD-175,view,1772796140
USER-071,PROD-107,view,1772797187
USER-016,PROD-098,view,1772798312
USER-024,PROD-182,add_to_cart,1772802065
USER-041,PROD-068,view,1772802386
USER-034,PROD-121,view,1772804590
USER-051,PROD-032,view,1772805664
USER-050,PROD-197,view,1772806147
USER-051,PROD-030,view,1772806851
USER-026,PROD-012,view,1772808059
USER-058,PROD-049,view,1772808807
USER-066,PROD-042,add_to_cart,1772809223
USER-017,PROD-021,add_to_cart,1772810408
USER-009,PROD-024,view,1772810908
USER-043,PROD-132,view,1772814238
USER-060,PROD-009,view,1772814705
USER-022,PROD-135,view,1772816414
USER-056,PROD-045,view,1772817331
USER-014,PROD-128,view,1772817615
USER-006,PROD-139,view,1772817960
USER-064,PROD-024,view,1772818022
USER-031,PROD-024,view,1772820994
USER-062,PROD-135,view,1772821405
USER-025,PROD-081,view,1772821846
USER-003,PROD-062,view,1772822063
USER-025,PROD-070,view,1772822920
USER-018,PROD-059,view,1772823310
USER-044,PROD-040,view,1772823936
USER-038,PROD-101,purchase,1772824379
USER-050,PROD-175,view,1772824888
USER-069,PROD-133,view,1772829497
USER-001,PROD-006,view,1772830173
USER-058,PROD-005,view,1772832395
USER-060,PROD-161,view,1772832920
USER-069,PROD-165,view,1772834568
USER-047,PROD-065,add_to_cart,1772835250
USER-056,PROD-193,view,1772836855
USER-063,PROD-182,view,1772837032
USER-044,PROD-186,view,1772837200
USER-034,PROD-104,add_to_cart,1772838213
USER-004,PROD-074,view,1772842979
USER-068,PROD-195,view,1772843455
USER-028,PROD-153,view,1772844789
USER-054,PROD-154,view,1772847604
USER-067,PROD-197,view,1772848564
USER-012,PROD-016,view,1772849689
USER-010,PROD-200,view,1772851285
USER-022,PROD-012,view,1772853062
USER-024,PROD-165,view,1772853109
USER-060,PROD-034,add_to_cart,1772853267
USER-015,PROD-190,add_to_cart,1772854826
USER-069,PROD-135,view,1772855051
USER-071,PROD-056,view,1772855148
USER-005,PROD-109,view,1772856420
USER-012,PROD-001,view,1772856449
USER-001,PROD-078,view,1772856777
USER-069,PROD-011,view,1772857397
USER-015,PROD-106,view,1772857978
USER-052,PROD-118,add_to_cart,1772859024
USER-073,PROD-016,add_to_cart,1772859817
USER-021,PROD-034,view,1772860153
USER-048,PROD-132,add_to_cart,1772861275
USER-067,PROD-071,view,1772861381
USER-034,PROD-054,purchase,1772861712
USER-035,PROD-064,view,1772862687
USER-057,PROD-116,view,1772864676
USER-032,PROD-102,view,1772864908
USER-066,PROD-120,purchase,1772865547
USER-018,PROD-082,view,1772868048
USER-036,PROD-179,view,1772869749
USER-030,PROD-197,view,1772869862
USER-069,PROD-028,view,1772872507
USER-044,PROD-051,view,1772872761
USER-025,PROD-035,view,1772873301
USER-051,PROD-090,purchase,1772873474
USER-022,PROD-087,view,1772874031
USER-061,PROD-039,view,1772874260
USER-020,PROD-174,view,1772875263
USER-044,PROD-062,add_to_cart,1772877523
USER-051,PROD-133,view,1772878521
USER-066,PROD-101,view,1772878675
USER-008,PROD-156,view,1772879002
USER-018,PROD-153,view,1772879238
USER-068,PROD-086,view,1772880293
USER-037,PROD-051,view,1772881534
USER-007,PROD-151,view,1772881656
USER-061,PROD-156,add_to_cart,1772881943
USER-056,PROD-172,purchase,1772887146
USER-059,PROD-060,view,1772887153
USER-005,PROD-132,view,1772889371
USER-024,PROD-100,view,1772890354
USER-029,PROD-112,view,1772891429
USER-059,PROD-174,view,1772891816
USER-013,PROD-043,view,1772894901
USER-043,PROD-127,view,1772895057
USER-027,PROD-059,view,1772896660
USER-010,PROD-057,view,1772898109
USER-017,PROD-147,view,1772898573
USER-022,PROD-107,view,1772898752
USER-031,PROD-157,purchase,1772898828
USER-054,PROD-149,view,1772899653
USER-004,PROD-068,view,1772901254
USER-074,PROD-058,view,1772902785
USER-018,PROD-069,view,1772903415
USER-045,PROD-112,view,1772903788
USER-015,PROD-163,purchase,1772903829
USER-073,PROD-043,view,1772905780
USER-005,PROD-059,view,1772906155
USER-069,PROD-037,add_to_cart,1772906423
USER-068,PROD-199,view,1772907463
USER-059,PROD-197,view,1772910490
USER-018,PROD-137,view,1772910529
USER-047,PROD-106,view,1772911613
USER-004,PROD-102,view,1772913407
USER-070,PROD-022,view,1772914150
USER-054,PROD-134,view,1772914567
USER-053,PROD-195,purchase,1772915204
USER-048,PROD-046,view,1772916272
USER-015,PROD-141,add_to_cart,1772916603
USER-072,PROD-069,view,1772917523
USER-005,PROD-015,purchase,1772917999
USER-071,PROD-185,view,1772919793
USER-031,PROD-157,add_to_cart,1772920202
USER-062,PROD-019,view,1772920490
USER-055,PROD-163,view,1772922440
USER-075,PROD-161,view,1772922540
USER-025,PROD-064,view,1772922899
USER-018,PROD-116,view,1772925951
USER-028,PROD-087,add_to_cart,1772926799
USER-016,PROD-163,view,1772928955
USER-042,PROD-101,view,1772929650
USER-022,PROD-082,purchase,1772932061
USER-008,PROD-022,view,1772933224
USER-003,PROD-070,view,1772935120
USER-020,PROD-101,view,1772936563
USER-061,PROD-111,view,1772936754
USER-031,PROD-025,view,1772937871
USER-008,PROD-191,view,1772937904
USER-029,PROD-150,view,1772938218
USER-069,PROD-132,purchase,1772938354
USER-066,PROD-014,view,1772939534
USER-055,PROD-013,view,1772940238
USER-056,PROD-107,view,1772940667
USER-042,PROD-046,purchase,1772940927
USER-005,PROD-103,add_to_cart,1772940946
USER-056,PROD-165,view,1772941930
USER-001,PROD-136,view,1772942641
USER-005,PROD-010,view,1772943317
USER-050,PROD-002,view,1772946310
USER-005,PROD-162,purchase,1772947019
USER-048,PROD-128,view,1772949315
USER-051,PROD-009,add_to_cart,1772950031
USER-068,PROD-087,view,1772950956
USER-032,PROD-100,view,1772953562
USER-034,PROD-015,view,1772954058
USER-007,PROD-154,view,1772955119
USER-029,PROD-123,add_to_cart,1772958212
USER-065,PROD-009,add_to_cart,1772962539
USER-039,PROD-098,view,1772962749
USER-005,PROD-046,view,1772963965
USER-051,PROD-189,view,1772963971
USER-057,PROD-058,view,1772968403
USER-060,PROD-091,view,1772969640
USER-041,PROD-151,view,1772970574
USER-021,PROD-148,view,1772971949
USER-019,PROD-029,add_to_cart,1772972768
USER-002,PROD-062,view,1772975093
USER-067,PROD-179,view,1772975456
USER-071,PROD-118,view,1772976003
USER-007,PROD-051,view,1772979044
USER-075,PROD-151,view,1772979584
USER-045,PROD-086,view,1772979761
USER-035,PROD-043,view,1772980461
USER-037,PROD-041,view,1772980524
USER-038,PROD-188,view,1772981027
USER-031,PROD-016,view,1772982909
USER-001,PROD-077,view,1772983940
USER-045,PROD-103,view,1772985631
USER-051,PROD-123,view,1772987221
USER-021,PROD-074,view,1772987744
USER-036,PROD-026,view,1772989308
USER-060,PROD-178,add_to_cart,1772991140
USER-041,PROD-060,view,1772992492
USER-073,PROD-082,view,1772993177
USER-003,PROD-061,view,1772993334
USER-037,PROD-045,view,1772993387
USER-006,PROD-137,view,1772997300
USER-022,PROD-098,view,1772999331
USER-064,PROD-084,view,1772999879
USER-033,PROD-179,add_to_cart,1773000351
USER-020,PROD-061,view,1773001581
USER-036,PROD-165,add_to_cart,1773001881
USER-043,PROD-141,view,1773002402
USER-039,PROD-144,view,1773002723
USER-069,PROD-159,view,1773002860
USER-026,PROD-029,view,1773005134
USER-030,PROD-075,view,1773009891
USER-001,PROD-035,view,1773011077
USER-024,PROD-118,add_to_cart,1773012665
USER-021,PROD-113,view,1773013193
USER-017,PROD-120,add_to_cart,1773014129
USER-071,PROD-032,view,1773015841
USER-026,PROD-178,view,1773018244
USER-048,PROD-177,view,1773019273
USER-031,PROD-021,view,1773019380
USER-039,PROD-111,view,1773020422
USER-023,PROD-181,view,1773020940
USER-004,PROD-109,view,1773021420
USER-004,PROD-075,add_to_cart,1773023043
USER-040,PROD-058,add_to_cart,1773023220
USER-022,PROD-185,view,1773023517
USER-040,PROD-076,view,1773024904
USER-027,PROD-057,view,1773024997
USER-035,PROD-190,add_to_cart,1773026086
USER-051,PROD-175,view,1773028184
USER-073,PROD-122,purchase,1773028820
USER-044,PROD-063,add_to_cart,1773029055
USER-053,PROD-045,view,1773029530
USER-007,PROD-164,view,1773029995
USER-071,PROD-116,view,1773030080
USER-053,PROD-052,view,1773030612
USER-053,PROD-191,view,1773031282
USER-004,PROD-145,add_to_cart,1773032093
USER-045,PROD-094,add_to_cart,1773032140
USER-068,PROD-063,view,1773032916
USER-008,PROD-107,add_to_cart,1773033607
USER-053,PROD-155,view,1773034863
USER-053,PROD-197,view,1773035740
USER-036,PROD-071,view,1773039627
USER-011,PROD-156,view,1773039775
USER-048,PROD-037,view,1773040299
USER-072,PROD-064,view,1773040915
USER-008,PROD-121,view,1773040992
USER-067,PROD-146,add_to_cart,1773041745
USER-003,PROD-141,view,1773043149
USER-034,PROD-016,add_to_cart,1773045312
USER-020,PROD-074,view,1773047065
USER-022,PROD-111,view,1773049485
USER-015,PROD-142,view,1773049586
USER-045,PROD-153,view,1773051699
USER-041,PROD-037,view,1773053513
USER-074,PROD-036,view,1773054372
USER-045,PROD-131,view,1773057332
USER-069,PROD-160,view,1773058154
USER-071,PROD-113,view,1773058819
USER-024,PROD-197,add_to_cart,1773058832
USER-017,PROD-153,view,1773059043
USER-061,PROD-172,view,1773059361
USER-034,PROD-049,view,1773059450
USER-023,PROD-113,view,1773059917
USER-043,PROD-146,view,1773061328
USER-063,PROD-024,view,1773062588
USER-041,PROD-114,view,1773064620
USER-060,PROD-013,view,1773065432
USER-046,PROD-113,view,1773067881
USER-019,PROD-170,view,1773068340
USER-065,PROD-025,view,1773068950
USER-020,PROD-134,view,1773069333
USER-043,PROD-026,view,1773071021
USER-072,PROD-078,view,1773071584
USER-025,PROD-001,add_to_cart,1773072659
USER-020,PROD-191,view,1773072761
USER-043,PROD-190,view,1773074010
USER-038,PROD-048,view,1773074516
USER-033,PROD-053,view,1773075385
USER-019,PROD-131,add_to_cart,1773075901
USER-033,PROD-164,view,1773076615
USER-012,PROD-052,view,1773076933
USER-013,PROD-197,view,1773085372
USER-031,PROD-174,view,1773086580
USER-055,PROD-017,view,1773088788
USER-020,PROD-130,view,1773091940
USER-072,PROD-082,view,1773092124
USER-058,PROD-104,view,1773092306
USER-010,PROD-073,view,1773093272
USER-050,PROD-138,view,1773095486
USER-045,PROD-102,view,1773096019
USER-024,PROD-122,add_to_cart,1773096664
USER-004,PROD-076,view,1773098721
USER-022,PROD-135,view,1773099010
USER-013,PROD-002,view,1773099862
USER-073,PROD-139,view,1773100448
USER-017,PROD-186,view,1773100818
USER-004,PROD-163,view,1773101638
USER-032,PROD-097,view,1773102489
USER-004,PROD-160,view,1773103459
USER-050,PROD-147,purchase,1773103611
USER-008,PROD-170,view,1773104456
USER-065,PROD-200,view,1773106797
USER-060,PROD-146,view,1773109984
USER-001,PROD-017,view,1773110192
USER-028,PROD-024,add_to_cart,1773112213
USER-040,PROD-173,view,1773113208
USER-059,PROD-005,view,1773117746
USER-035,PROD-073,view,1773118424
USER-061,PROD-162,view,1773118430
USER-015,PROD-041,view,1773119911
USER-073,PROD-067,view,1773120026
USER-027,PROD-084,view,1773120637
USER-070,PROD-075,add_to_cart,1773121046
USER-026,PROD-114,view,1773122525
USER-043,PROD-015,view,1773123204
USER-003,PROD-016,view,1773124028
USER-074,PROD-018,view,1773125014
USER-009,PROD-114,view,1773125409
USER-074,PROD-132,purchase,1773125416
USER-009,PROD-042,view,1773128780
USER-003,PROD-122,view,1773128798
USER-035,PROD-192,view,1773129140
USER-047,PROD-111,view,1773130806
USER-022,PROD-080,view,1773132079
USER-067,PROD-055,view,1773133066
USER-068,PROD-082,view,1773134926
USER-013,PROD-146,view,1773135654
USER-005,PROD-063,view,1773136027
USER-059,PROD-167,add_to_cart,1773136992
USER-068,PROD-195,view,1773138617
USER-058,PROD-041,purchase,1773139309
USER-007,PROD-146,view,1773139382
USER-033,PROD-084,view,1773141556
USER-015,PROD-134,view,1773142967
USER-015,PROD-102,view,1773143221
USER-015,PROD-160,view,1773143770
USER-067,PROD-082,view,1773147083
USER-046,PROD-013,view,1773150412
USER-018,PROD-150,view,1773151324
USER-024,PROD-164,add_to_cart,1773152515
USER-060,PROD-091,view,1773153138
USER-041,PROD-051,view,1773153768
USER-040,PROD-150,view,1773153796
USER-009,PROD-072,add_to_cart,1773156965
USER-051,PROD-001,view,1773158205
USER-056,PROD-107,view,1773159391
USER-036,PROD-111,add_to_cart,1773159866
USER-039,PROD-127,view,1773160113
USER-075,PROD-146,view,1773161457
USER-020,PROD-188,view,1773164205
USER-014,PROD-118,view,1773164368
USER-044,PROD-132,view,1773166521
USER-043,PROD-195,view,1773166713
USER-018,PROD-114,view,1773170006
USER-007,PROD-074,view,1773171111
USER-064,PROD-048,view,1773172125
USER-001,PROD-017,view,1773175555
USER-002,PROD-172,view,1773175776
USER-058,PROD-123,view,1773177420
USER-004,PROD-075,view,1773178551
USER-053,PROD-066,view,1773179693
USER-044,PROD-056,view,1773179911
USER-035,PROD-005,view,1773182864
USER-056,PROD-119,view,1773183678
USER-060,PROD-003,view,1773183745
USER-027,PROD-066,add_to_cart,1773184491
USER-036,PROD-126,view,1773185409
USER-017,PROD-124,view,1773186509
USER-018,PROD-199,view,1773186950
USER-056,PROD-190,view,1773187166
USER-027,PROD-052,view,1773187355
USER-070,PROD-044,view,1773187419
USER-052,PROD-011,view,1773189301
USER-051,PROD-086,add_to_cart,1773191239
USER-061,PROD-115,view,1773192105
USER-074,PROD-058,view,1773194468
USER-072,PROD-042,view,1773194692
USER-043,PROD-073,view,1773195206
USER-052,PROD-122,view,1773196068
USER-064,PROD-020,view,1773198470
USER-046,PROD-066,add_to_cart,1773199788
USER-008,PROD-181,add_to_cart,1773200179
USER-051,PROD-141,view,1773200641
USER-034,PROD-102,add_to_cart,1773202203
USER-053,PROD-200,view,1773202587
USER-035,PROD-146,view,1773203077
USER-066,PROD-070,view,1773203680
USER-040,PROD-172,view,1773204097
USER-004,PROD-088,view,1773205921
USER-054,PROD-011,view,1773208208
USER-008,PROD-078,view,1773208969
USER-008,PROD-097,view,1773209081
USER-056,PROD-051,view,1773210373
USER-048,PROD-171,view,1773210645
USER-039,PROD-122,view,1773210831
USER-014,PROD-045,view,1773211249
USER-063,PROD-073,view,1773211419
USER-060,PROD-163,purchase,1773212299
USER-049,PROD-190,view,1773215071
USER-038,PROD-015,view,1773216510
USER-065,PROD-123,view,1773217779
USER-041,PROD-008,view,1773218255
USER-017,PROD-106,view,1773218878
USER-017,PROD-106,view,1773219993
USER-024,PROD-031,view,1773220442
USER-011,PROD-129,view,1773220730
USER-025,PROD-196,view,1773222531
USER-045,PROD-134,view,1773225672
USER-020,PROD-092,view,1773227354
USER-044,PROD-188,view,1773228898
USER-071,PROD-043,purchase,1773229675
USER-050,PROD-189,view,1773231035
USER-010,PROD-076,view,1773231298
USER-028,PROD-046,add_to_cart,1773231373
USER-070,PROD-054,view,1773231660
USER-002,PROD-154,view,1773232254
USER-047,PROD-153,purchase,1773235699
USER-063,PROD-028,view,1773236127
USER-010,PROD-113,view,1773237383
USER-068,PROD-096,view,1773238553
USER-030,PROD-116,view,1773239332
USER-005,PROD-052,add_to_cart,1773242209
USER-050,PROD-141,view,1773242547
USER-022,PROD-003,view,1773243333
USER-008,PROD-064,view,1773245429
USER-069,PROD-150,view,1773245680
USER-037,PROD-036,view,1773246902
USER-018,PROD-106,add_to_cart,1773247016
USER-059,PROD-131,add_to_cart,1773248915
USER-031,PROD-167,view,1773250345
USER-043,PROD-010,view,1773251779
USER-026,PROD-153,view,1773251806
USER-006,PROD-059,view,1773251936
USER-071,PROD-077,add_to_cart,1773253418
USER-052,PROD-036,add_to_cart,1773253649
USER-037,PROD-080,view,1773254991
USER-049,PROD-109,view,1773256794
USER-042,PROD-182,view,1773256964
USER-071,PROD-032,view,1773257293
USER-003,PROD-189,view,1773257366
USER-004,PROD-040,view,1773257795
USER-011,PROD-147,view,1773258070
USER-022,PROD-074,add_to_cart,1773259924
USER-056,PROD-092,view,1773262111
USER-007,PROD-034,view,1773263978
USER-046,PROD-123,view,1773264123
USER-047,PROD-189,view,1773264131
USER-054,PROD-127,view,1773266357
USER-059,PROD-163,view,1773266733
USER-053,PROD-061,view,1773267137
USER-063,PROD-003,view,1773267294
USER-052,PROD-135,view,1773270590
USER-008,PROD-007,view,1773271142
USER-022,PROD-059,view,1773271219
USER-044,PROD-195,view,1773272342
USER-011,PROD-094,view,1773272488
USER-071,PROD-031,view,1773273758
USER-061,PROD-106,view,1773273941
USER-049,PROD-099,view,1773274347
USER-055,PROD-004,view,1773274792
USER-017,PROD-061,view,1773275418
USER-038,PROD-133,view,1773275795
USER-069,PROD-132,view,1773276422
USER-022,PROD-175,view,1773277501
USER-062,PROD-073,view,1773279956
USER-072,PROD-158,view,1773280258
USER-049,PROD-199,view,1773280285
USER-023,PROD-073,add_to_cart,1773280850
USER-052,PROD-010,add_to_cart,1773281203
USER-003,PROD-067,view,1773281830
USER-041,PROD-014,add_to_cart,1773282077
USER-070,PROD-051,purchase,1773282658
USER-036,PROD-110,view,1773283722
USER-008,PROD-188,view,1773284679
USER-029,PROD-179,add_to_cart,1773285368
USER-050,PROD-184,view,1773286074
USER-026,PROD-163,view,1773286615
USER-016,PROD-090,add_to_cart,1773287738
USER-012,PROD-088,view,1773289884
USER-024,PROD-075,view,1773290414
USER-035,PROD-073,view,1773290882
USER-060,PROD-060,view,1773291865
USER-051,PROD-129,add_to_cart,1773293648
USER-040,PROD-124,view,1773293840
USER-026,PROD-098,view,1773293849
USER-040,PROD-191,view,1773293861
USER-045,PROD-091,view,1773294802
USER-031,PROD-163,view,1773295944
USER-060,PROD-060,view,1773296433
USER-016,PROD-124,view,1773297126
USER-015,PROD-106,add_to_cart,1773299133
USER-048,PROD-120,view,1773299317
USER-007,PROD-129,view,1773301804
USER-024,PROD-178,view,1773302624
USER-001,PROD-012,view,1773303273
USER-048,PROD-134,view,1773303981
USER-068,PROD-191,view,1773306024
USER-027,PROD-020,view,1773307342
USER-028,PROD-084,purchase,1773308324
USER-049,PROD-052,view,1773309792
USER-043,PROD-033,view,1773309922
USER-001,PROD-119,add_to_cart,1773313064
USER-027,PROD-051,view,1773314646
USER-061,PROD-113,view,1773316901
USER-033,PROD-089,view,1773317391
USER-065,PROD-143,view,1773317738
USER-067,PROD-120,view,1773319851
USER-034,PROD-038,view,1773321793
USER-001,PROD-139,add_to_cart,1773322804
USER-063,PROD-007,view,1773322879
USER-071,PROD-026,view,1773323778
USER-059,PROD-193,view,1773325424
USER-014,PROD-127,view,1773327541
USER-039,PROD-114,view,1773328421
USER-005,PROD-179,view,1773328802
USER-025,PROD-193,add_to_cart,1773329501
USER-071,PROD-189,view,1773330599
USER-021,PROD-154,view,1773331659
USER-029,PROD-004,view,1773332261
USER-058,PROD-046,view,1773334422
USER-048,PROD-041,view,1773334837
USER-035,PROD-092,view,1773335782
USER-036,PROD-176,view,1773337039
USER-009,PROD-011,view,1773337343
USER-038,PROD-132,view,1773337436
USER-053,PROD-074,view,1773338120
USER-053,PROD-056,add_to_cart,1773338477
USER-005,PROD-151,view,1773338790
USER-009,PROD-146,view,1773340093
USER-023,PROD-094,view,1773341824
USER-025,PROD-100,view,1773341909
USER-051,PROD-060,view,1773343191
USER-009,PROD-036,view,1773346091
USER-017,PROD-093,view,1773346378
USER-017,PROD-140,view,1773347580
USER-062,PROD-164,view,1773347676
USER-058,PROD-129,add_to_cart,1773348203
USER-036,PROD-184,view,1773348340
USER-067,PROD-088,view,1773349439
USER-055,PROD-181,add_to_cart,1773350846
USER-053,PROD-186,view,1773352244
USER-059,PROD-122,view,1773352908
USER-061,PROD-171,view,1773353678
USER-012,PROD-007,view,1773353803
USER-073,PROD-109,add_to_cart,1773355069
USER-020,PROD-135,view,1773356516
USER-026,PROD-003,view,1773356802
USER-033,PROD-045,view,1773357951
USER-012,PROD-180,view,1773358034
USER-064,PROD-100,view,1773359260
USER-055,PROD-037,view,1773359372
USER-068,PROD-134,view,1773360925
USER-018,PROD-079,view,1773361483
USER-002,PROD-082,view,1773363503
USER-034,PROD-067,view,1773364394
USER-073,PROD-024,view,1773364658
USER-018,PROD-074,add_to_cart,1773364828
USER-075,PROD-064,purchase,1773364878
USER-054,PROD-106,view,1773365411
USER-060,PROD-161,view,1773367004
USER-060,PROD-185,view,1773367720
USER-038,PROD-068,view,1773367959
USER-047,PROD-187,view,1773368128
USER-058,PROD-106,view,1773369399
USER-035,PROD-068,view,1773369450
USER-034,PROD-114,view,1773369580
USER-025,PROD-081,view,1773371874
USER-033,PROD-179,view,1773372102
USER-015,PROD-050,view,1773372137
USER-031,PROD-020,view,1773372412
USER-073,PROD-151,view,1773372674
USER-056,PROD-083,view,1773374524
USER-018,PROD-095,view,1773375734
USER-066,PROD-070,view,1773376336
USER-003,PROD-076,view,1773377230
USER-063,PROD-117,add_to_cart,1773377559
USER-053,PROD-200,view,1773378558
USER-049,PROD-049,view,1773379339
USER-004,PROD-112,view,1773379596
USER-029,PROD-047,add_to_cart,1773381060
USER-026,PROD-134,view,1773384126
USER-024,PROD-175,view,1773384851
USER-071,PROD-028,view,1773385716
USER-006,PROD-070,view,1773387325
USER-033,PROD-156,view,1773388464
USER-054,PROD-112,view,1773388878
USER-004,PROD-094,view,1773388898
USER-036,PROD-090,view,1773388956
USER-056,PROD-039,view,1773389716
USER-021,PROD-120,view,1773391297
USER-021,PROD-074,view,1773394321
USER-060,PROD-122,purchase,1773394515
USER-023,PROD-071,view,1773395094
USER-039,PROD-050,view,1773395340
USER-037,PROD-091,view,1773395362
USER-059,PROD-166,view,1773395763
USER-034,PROD-134,view,1773396096
USER-072,PROD-088,view,1773397660
USER-015,PROD-069,view,1773398495
USER-073,PROD-135,view,1773400391
USER-033,PROD-181,view,1773402089
USER-009,PROD-045,view,1773402300
USER-068,PROD-147,view,1773403968
USER-028,PROD-109,view,1773404601
USER-027,PROD-072,view,1773404633
USER-029,PROD-134,view,1773406204
USER-042,PROD-125,view,1773406803
USER-031,PROD-195,purchase,1773406902
USER-036,PROD-086,add_to_cart,1773407563
USER-022,PROD-116,add_to_cart,1773408611
USER-010,PROD-141,view,1773409319
USER-046,PROD-110,view,1773411661
USER-018,PROD-107,view,1773412111
USER-054,PROD-055,view,1773412574
USER-063,PROD-100,view,1773413374
USER-037,PROD-158,add_to_cart,1773413593
USER-042,PROD-178,view,1773414093
USER-010,PROD-141,view,1773414897
USER-062,PROD-190,view,1773415879
USER-008,PROD-126,add_to_cart,1773416274
USER-016,PROD-094,view,1773418262
USER-014,PROD-119,view,1773419519
USER-009,PROD-004,view,1773421441
USER-025,PROD-191,view,1773421482
USER-057,PROD-114,view,1773423449
USER-032,PROD-163,view,1773426096
USER-016,PROD-089,view,1773427018
USER-060,PROD-018,view,1773427126
USER-054,PROD-006,view,1773428742
USER-043,PROD-152,add_to_cart,1773430801
USER-058,PROD-169,add_to_cart,1773431994
USER-073,PROD-005,view,1773432010
USER-064,PROD-162,add_to_cart,1773433948
USER-062,PROD-184,view,1773433960
USER-055,PROD-044,view,1773437176
USER-012,PROD-012,view,1773437332
USER-040,PROD-090,view,1773438986
USER-018,PROD-087,add_to_cart,1773439551
USER-004,PROD-078,view,1773440512
USER-015,PROD-124,view,1773440950
USER-057,PROD-087,add_to_cart,1773441416
USER-005,PROD-178,view,1773444399
USER-034,PROD-064,view,1773444901
USER-027,PROD-013,view,1773446949
USER-074,PROD-074,view,1773448888
USER-071,PROD-003,view,1773449469
USER-043,PROD-192,view,1773449717
USER-003,PROD-026,view,1773450767
USER-025,PROD-161,add_to_cart,1773451438
USER-046,PROD-123,view,1773451945
USER-010,PROD-036,view,1773452815
USER-066,PROD-034,view,1773452940
USER-043,PROD-187,view,1773453374
USER-027,PROD-078,view,1773455174
USER-071,PROD-056,view,1773456384
USER-071,PROD-123,view,1773456474
USER-001,PROD-018,view,1773458794
USER-029,PROD-150,view,1773459097
USER-028,PROD-098,add_to_cart,1773460098
USER-054,PROD-116,view,1773462314
USER-001,PROD-187,purchase,1773463612
USER-040,PROD-033,view,1773463819
USER-021,PROD-049,view,1773464863
USER-012,PROD-193,view,1773464958
USER-033,PROD-116,view,1773465952
USER-013,PROD-133,view,1773466193
USER-024,PROD-044,view,1773468258
USER-014,PROD-105,purchase,1773470069
USER-053,PROD-042,add_to_cart,1773470548
USER-018,PROD-092,add_to_cart,1773473552
USER-055,PROD-005,view,1773473615
USER-015,PROD-153,view,1773473731
USER-002,PROD-042,view,1773473864
USER-004,PROD-097,add_to_cart,1773473909
USER-043,PROD-200,view,1773474817
USER-015,PROD-150,view,1773476705
USER-028,PROD-069,view,1773478871
USER-040,PROD-008,view,1773479614
USER-065,PROD-021,view,1773479756
USER-031,PROD-190,view,1773479999
USER-044,PROD-194,view,1773481617
USER-072,PROD-157,view,1773483481
USER-021,PROD-076,view,1773483685
USER-021,PROD-030,purchase,1773484216
USER-066,PROD-081,view,1773485052
USER-041,PROD-109,view,1773485323
USER-049,PROD-018,add_to_cart,1773486379
USER-039,PROD-022,view,1773488267
USER-021,PROD-174,view,1773488571
USER-060,PROD-076,view,1773488777
USER-025,PROD-148,view,1773489901
USER-024,PROD-068,view,1773490608
USER-021,PROD-018,view,1773490757
USER-010,PROD-031,add_to_cart,1773491852
USER-009,PROD-024,view,1773495347
USER-070,PROD-088,add_to_cart,1773495723
USER-058,PROD-024,add_to_cart,1773497041
USER-037,PROD-047,view,1773498099
USER-014,PROD-084,view,1773499775
USER-029,PROD-013,purchase,1773500334
USER-004,PROD-102,view,1773501680
USER-013,PROD-156,view,1773501957
USER-046,PROD-073,view,1773502953
USER-008,PROD-030,view,1773504598
USER-059,PROD-154,view,1773505195
USER-028,PROD-058,add_to_cart,1773506242
USER-056,PROD-028,add_to_cart,1773506677
USER-018,PROD-110,view,1773514436
USER-060,PROD-001,add_to_cart,1773514764
USER-070,PROD-033,view,1773515883
USER-025,PROD-071,view,1773516148
USER-036,PROD-111,add_to_cart,1773517031
USER-010,PROD-079,view,1773517242
USER-072,PROD-167,view,1773517249
USER-044,PROD-043,view,1773517493
USER-024,PROD-096,view,1773518017
USER-068,PROD-094,view,1773518400
USER-026,PROD-199,view,1773518671
USER-017,PROD-177,view,1773520662
USER-026,PROD-180,view,1773521424
USER-010,PROD-147,view,1773521927
USER-055,PROD-141,view,1773522510
USER-032,PROD-108,purchase,1773523715
USER-047,PROD-105,view,1773524488
USER-071,PROD-005,add_to_cart,1773525465
USER-063,PROD-131,view,1773526985
USER-018,PROD-143,view,1773528641
USER-010,PROD-077,add_to_cart,1773528925
USER-004,PROD-094,view,1773530391
USER-064,PROD-161,view,1773532015
USER-017,PROD-021,view,1773532555
USER-018,PROD-145,view,1773533669
USER-043,PROD-162,view,1773534050
USER-070,PROD-017,view,1773535824
USER-066,PROD-160,view,1773537091
USER-016,PROD-071,view,1773537467
USER-048,PROD-143,view,1773539503
USER-013,PROD-178,view,1773539754
USER-035,PROD-176,purchase,1773540349
USER-055,PROD-009,view,1773541968
USER-050,PROD-132,view,1773543327
USER-029,PROD-152,view,1773544197
USER-063,PROD-094,view,1773545094
USER-012,PROD-063,view,1773547162
USER-026,PROD-189,view,1773547548
USER-061,PROD-105,view,1773547642
USER-006,PROD-027,view,1773547946
USER-014,PROD-025,view,1773548345
USER-064,PROD-040,view,1773548463
USER-006,PROD-140,view,1773548467
USER-007,PROD-058,view,1773549946
USER-026,PROD-155,view,1773550368
USER-035,PROD-195,purchase,1773550608
USER-008,PROD-039,view,1773553131
USER-004,PROD-022,view,1773554761
USER-024,PROD-077,view,1773555908
USER-039,PROD-165,view,1773557984
USER-050,PROD-181,view,1773559343
USER-019,PROD-071,purchase,1773559862
USER-070,PROD-040,view,1773561246
USER-047,PROD-130,view,1773562148
USER-041,PROD-008,view,1773562498
USER-040,PROD-024,view,1773564432
USER-033,PROD-039,view,1773564487
USER-067,PROD-085,view,1773564702
USER-023,PROD-194,view,1773565982
USER-046,PROD-120,view,1773566888
USER-002,PROD-199,view,1773567625
USER-031,PROD-168,view,1773568184
USER-038,PROD-048,view,1773570873
USER-017,PROD-161,purchase,1773571413
USER-047,PROD-103,add_to_cart,1773573538
USER-030,PROD-017,view,1773576075
USER-064,PROD-094,view,1773576403
USER-047,PROD-022,add_to_cart,1773577284
USER-060,PROD-034,view,1773578652
USER-065,PROD-154,purchase,1773578877
USER-062,PROD-173,add_to_cart,1773583375
USER-037,PROD-096,view,1773583484
USER-012,PROD-007,view,1773583568
USER-033,PROD-183,view,1773584390
USER-031,PROD-013,view,1773584491
USER-011,PROD-110,view,1773586540
USER-048,PROD-116,view,1773587073
USER-039,PROD-136,view,1773589760
USER-039,PROD-128,purchase,1773591202
USER-036,PROD-106,view,1773591897
USER-057,PROD-124,view,1773592453
USER-043,PROD-123,view,1773592767
USER-048,PROD-144,view,1773593259
USER-020,PROD-151,view,1773593852
USER-016,PROD-125,view,1773594270
USER-068,PROD-076,view,1773594277
USER-048,PROD-145,purchase,1773596247
USER-001,PROD-022,view,1773596593
USER-014,PROD-122,view,1773596838
USER-014,PROD-128,view,1773597617
USER-027,PROD-040,view,1773597860
USER-060,PROD-022,view,1773598373
USER-008,PROD-200,view,1773598497
USER-001,PROD-056,view,1773598839
USER-064,PROD-016,view,1773600992
USER-009,PROD-142,view,1773601086
USER-052,PROD-061,purchase,1773603272
USER-001,PROD-044,view,1773603748
USER-069,PROD-180,view,1773604924
USER-035,PROD-190,view,1773608371
USER-030,PROD-112,view,1773609114
USER-033,PROD-073,view,1773610871
USER-056,PROD-012,add_to_cart,1773612214
USER-023,PROD-185,view,1773613157
USER-060,PROD-171,view,1773613176
USER-037,PROD-057,view,1773614702
USER-052,PROD-182,view,1773615112
USER-053,PROD-106,purchase,1773616425
USER-001,PROD-035,view,1773616531
USER-068,PROD-090,view,1773619119
USER-001,PROD-147,purchase,1773619364
USER-045,PROD-145,view,1773619838
USER-015,PROD-116,view,1773622441
USER-032,PROD-117,view,1773624629
USER-019,PROD-155,add_to_cart,1773624789
USER-068,PROD-190,view,1773624998
USER-003,PROD-118,view,1773626216
USER-048,PROD-136,view,1773626814
USER-034,PROD-050,view,1773626820
USER-065,PROD-118,view,1773629632
USER-006,PROD-177,view,1773631587
USER-051,PROD-100,view,1773631624
USER-012,PROD-046,view,1773634000
USER-067,PROD-087,view,1773635768
USER-008,PROD-101,view,1773636207
USER-003,PROD-003,view,1773636545
USER-032,PROD-170,view,1773637339
USER-016,PROD-157,view,1773637901
USER-074,PROD-192,view,1773638084
USER-039,PROD-100,view,1773638562
USER-067,PROD-087,view,1773639218
USER-061,PROD-126,view,1773639428
USER-005,PROD-132,view,1773639548
USER-040,PROD-164,add_to_cart,1773639734
USER-026,PROD-026,view,1773641459
USER-001,PROD-090,view,1773641682
USER-018,PROD-119,view,1773643686
USER-065,PROD-018,view,1773643920
USER-031,PROD-029,add_to_cart,1773643957
USER-019,PROD-126,add_to_cart,1773644205
USER-017,PROD-051,add_to_cart,1773648833
USER-057,PROD-195,view,1773649403
USER-051,PROD-084,view,1773650171
USER-063,PROD-171,view,1773651510
USER-052,PROD-061,view,1773652067
USER-032,PROD-117,view,1773653472
USER-062,PROD-155,view,1773654167
USER-043,PROD-112,view,1773654905
USER-003,PROD-008,view,1773656220
USER-063,PROD-115,view,1773656988
USER-075,PROD-148,view,1773657331
USER-068,PROD-132,view,1773657377
USER-061,PROD-186,view,1773657657
USER-046,PROD-105,view,1773659280
USER-049,PROD-005,view,1773661001
USER-067,PROD-190,view,1773661041
USER-066,PROD-122,view,1773661930
USER-049,PROD-114,view,1773662463
USER-027,PROD-073,view,1773663727
USER-053,PROD-060,view,1773663970
USER-067,PROD-171,view,1773664311
USER-026,PROD-083,view,1773664610
USER-007,PROD-050,purchase,1773665078
USER-075,PROD-009,view,1773666520
USER-064,PROD-145,view,1773666825
USER-024,PROD-082,add_to_cart,1773668208
USER-017,PROD-132,view,1773669712
USER-059,PROD-104,view,1773670589
USER-019,PROD-071,view,1773671746
USER-024,PROD-075,view,1773673129
USER-010,PROD-008,view,1773674038
USER-022,PROD-145,purchase,1773675860
USER-070,PROD-001,view,1773675866
USER-010,PROD-118,view,1773676214
USER-028,PROD-073,view,1773676339
USER-075,PROD-058,view,1773679556
USER-051,PROD-198,add_to_cart,1773680285
USER-001,PROD-106,view,1773680837
USER-025,PROD-077,view,1773683836
USER-045,PROD-134,purchase,1773685249
USER-005,PROD-017,view,1773688802
USER-069,PROD-032,view,1773689464
USER-017,PROD-143,view,1773689759
USER-065,PROD-089,view,1773689784
USER-056,PROD-055,add_to_cart,1773694221
USER-046,PROD-073,view,1773696058
USER-020,PROD-149,purchase,1773696822
USER-016,PROD-103,view,1773696988
USER-023,PROD-079,add_to_cart,1773697000
USER-072,PROD-053,view,1773697468
USER-060,PROD-166,view,1773698562
USER-015,PROD-037,view,1773698614
USER-043,PROD-065,view,1773699416
USER-044,PROD-183,view,1773700740
USER-050,PROD-147,view,1773701115
USER-073,PROD-056,view,1773702259
USER-074,PROD-051,view,1773702304
USER-054,PROD-130,purchase,1773703510
USER-001,PROD-104,add_to_cart,1773704868
USER-025,PROD-089,add_to_cart,1773708551
USER-022,PROD-136,view,1773710285
USER-059,PROD-044,view,1773710622
USER-065,PROD-047,view,1773712782
USER-028,PROD-042,view,1773717757
USER-021,PROD-150,view,1773718411
USER-043,PROD-037,view,1773718529
USER-028,PROD-038,view,1773719791
USER-040,PROD-066,view,1773721392
USER-052,PROD-136,view,1773721526
USER-009,PROD-134,view,1773723374
USER-041,PROD-184,view,1773723929
USER-067,PROD-094,view,1773724743
USER-051,PROD-049,view,1773724948
USER-039,PROD-129,view,1773725726
USER-022,PROD-118,view,1773726766
USER-030,PROD-127,add_to_cart,1773727057
USER-031,PROD-181,view,1773729264
USER-034,PROD-044,view,1773730105
USER-007,PROD-116,view,1773730630
USER-022,PROD-145,add_to_cart,1773730728
USER-046,PROD-011,view,1773737880
USER-032,PROD-098,add_to_cart,1773738612
USER-035,PROD-177,add_to_cart,1773739411
USER-021,PROD-180,view,1773739874
USER-054,PROD-102,view,1773740043
USER-054,PROD-105,view,1773740248
USER-016,PROD-081,view,1773741752
USER-031,PROD-007,view,1773742093
USER-037,PROD-091,view,1773742295
USER-034,PROD-175,view,1773742644
USER-025,PROD-039,view,1773742981
USER-064,PROD-145,view,1773743741
USER-075,PROD-200,view,1773744362
USER-023,PROD-175,view,1773744969
USER-064,PROD-062,view,1773745538
USER-065,PROD-188,view,1773746821
USER-069,PROD-006,add_to_cart,1773747647
USER-048,PROD-129,view,1773747993
USER-061,PROD-111,view,1773748300
USER-021,PROD-113,view,1773748566
USER-033,PROD-158,purchase,1773748614
USER-054,PROD-137,add_to_cart,1773748967
USER-058,PROD-030,add_to_cart,1773749371
USER-073,PROD-110,view,1773749524
USER-057,PROD-195,view,1773750907
USER-011,PROD-101,view,1773753140
USER-033,PROD-188,view,1773754368
USER-003,PROD-122,view,1773755941
USER-041,PROD-107,view,1773756195
USER-040,PROD-042,add_to_cart,1773758086
USER-071,PROD-012,view,1773758126
USER-026,PROD-150,view,1773758915
USER-015,PROD-149,view,1773759029
USER-016,PROD-030,add_to_cart,1773759328
USER-011,PROD-103,view,1773759350
USER-034,PROD-163,view,1773759655
USER-034,PROD-036,view,1773759718
USER-024,PROD-013,view,1773760019
USER-051,PROD-030,view,1773760158
USER-051,PROD-029,add_to_cart,1773762592
USER-034,PROD-048,view,1773763231
USER-030,PROD-112,add_to_cart,1773764001
USER-064,PROD-173,view,1773764671
USER-025,PROD-096,view,1773765557
USER-074,PROD-096,view,1773766027
USER-007,PROD-183,view,1773766307
USER-013,PROD-104,view,1773766569
USER-038,PROD-032,view,1773767059
USER-032,PROD-087,view,1773767697
USER-072,PROD-115,view,1773768668
USER-050,PROD-194,add_to_cart,1773769272
USER-013,PROD-150,add_to_cart,1773769659
USER-060,PROD-136,add_to_cart,1773770268
USER-075,PROD-014,view,1773770532
USER-043,PROD-049,view,1773773868
USER-033,PROD-070,view,1773774331
USER-027,PROD-095,view,1773775659
USER-067,PROD-108,add_to_cart,1773777162
USER-031,PROD-177,view,1773777367
USER-033,PROD-015,view,1773777419
USER-044,PROD-060,view,1773777421
USER-026,PROD-052,view,1773777563
USER-006,PROD-045,view,1773777945
USER-011,PROD-152,view,1773780830
USER-045,PROD-122,view,1773781385
USER-052,PROD-077,view,1773784099
USER-058,PROD-178,view,1773785337
USER-016,PROD-198,view,1773786672
USER-014,PROD-183,view,1773791156
USER-016,PROD-103,add_to_cart,1773791681
USER-053,PROD-200,view,1773791951
USER-034,PROD-003,view,1773793327
USER-042,PROD-144,view,1773793427
USER-047,PROD-105,view,1773793454
USER-015,PROD-147,view,1773796777
USER-064,PROD-081,add_to_cart,1773797197
USER-044,PROD-064,view,1773798303
USER-008,PROD-118,view,1773802195
USER-020,PROD-070,view,1773803153
USER-043,PROD-002,view,1773804397
USER-025,PROD-057,view,1773808071
USER-003,PROD-032,add_to_cart,1773808482
USER-004,PROD-167,view,1773810167
USER-031,PROD-025,view,1773810744
USER-021,PROD-090,view,1773810936
USER-015,PROD-127,add_to_cart,1773811350
USER-029,PROD-169,view,1773811778
USER-066,PROD-170,view,1773812040
USER-058,PROD-065,view,1773814525
USER-028,PROD-093,view,1773815369
USER-071,PROD-192,view,1773818668
USER-062,PROD-078,view,1773819465
USER-072,PROD-122,view,1773820393
USER-060,PROD-074,purchase,1773820993
USER-026,PROD-131,view,1773821937
USER-042,PROD-020,add_to_cart,1773822049
USER-061,PROD-108,view,1773822189
USER-004,PROD-170,view,1773822355
USER-007,PROD-065,view,1773822763
USER-063,PROD-115,view,1773822805
USER-013,PROD-062,view,1773823139
USER-038,PROD-025,view,1773823230
USER-057,PROD-049,view,1773824795
USER-002,PROD-135,view,1773824979
USER-036,PROD-158,view,1773825325
USER-029,PROD-193,view,1773827677
USER-049,PROD-113,add_to_cart,1773828405
USER-010,PROD-126,view,1773828749
USER-050,PROD-174,add_to_cart,1773828753
USER-039,PROD-115,view,1773830124
USER-026,PROD-092,view,1773831347
USER-023,PROD-075,view,1773831665
USER-044,PROD-167,view,1773833298
USER-068,PROD-143,view,1773833712
USER-003,PROD-021,view,1773835641
USER-046,PROD-113,view,1773835827
USER-032,PROD-087,view,1773837483
USER-054,PROD-125,add_to_cart,1773837742
USER-015,PROD-037,add_to_cart,1773838064
USER-001,PROD-037,view,1773838153
USER-055,PROD-068,add_to_cart,1773838221
USER-014,PROD-063,view,1773838823
USER-009,PROD-168,view,1773839355
USER-010,PROD-031,view,1773841582
USER-023,PROD-160,view,1773842161
USER-008,PROD-078,purchase,1773843076
USER-006,PROD-118,view,1773843095
USER-061,PROD-147,add_to_cart,1773844021
USER-049,PROD-109,view,1773844383
USER-059,PROD-124,view,1773846404
USER-043,PROD-135,view,1773849336
USER-045,PROD-140,view,1773849833
USER-070,PROD-015,view,1773853048
USER-050,PROD-165,purchase,1773853982
USER-024,PROD-073,view,1773854359
USER-060,PROD-144,view,1773854372
USER-075,PROD-038,purchase,1773855198
USER-069,PROD-168,add_to_cart,1773856216
USER-020,PROD-196,purchase,1773857246
USER-074,PROD-037,view,1773857350
USER-056,PROD-198,view,1773858659
USER-013,PROD-104,view,1773858886
USER-008,PROD-056,view,1773861044
USER-017,PROD-104,view,1773861242
USER-068,PROD-030,add_to_cart,1773862169
USER-065,PROD-055,view,1773865270
USER-021,PROD-076,view,1773867284
USER-064,PROD-151,view,1773867901
USER-038,PROD-006,view,1773868744
USER-013,PROD-028,view,1773868749
USER-014,PROD-020,view,1773868996
USER-023,PROD-200,add_to_cart,1773869132
USER-033,PROD-026,view,1773871435
USER-056,PROD-158,view,1773872139
USER-063,PROD-080,view,1773874697
USER-026,PROD-140,view,1773874783
USER-011,PROD-042,add_to_cart,1773874799
USER-050,PROD-175,add_to_cart,1773876144
USER-029,PROD-018,view,1773879334
USER-010,PROD-094,view,1773880779
USER-040,PROD-087,add_to_cart,1773881008
USER-058,PROD-058,view,1773881546
USER-057,PROD-088,view,1773881583
USER-044,PROD-185,add_to_cart,1773884753
USER-003,PROD-013,view,1773884789
USER-043,PROD-054,view,1773886983
USER-021,PROD-018,view,1773887375
USER-036,PROD-020,view,1773888007
USER-047,PROD-122,view,1773888603
USER-055,PROD-052,view,1773892604
USER-004,PROD-169,view,1773892647
USER-019,PROD-127,view,1773893251
USER-019,PROD-083,view,1773895073
USER-018,PROD-072,view,1773896265
USER-005,PROD-038,view,1773896707
USER-056,PROD-106,view,1773898239
USER-046,PROD-038,view,1773899592
USER-046,PROD-026,view,1773899702
USER-074,PROD-155,purchase,1773901535
USER-016,PROD-088,add_to_cart,1773901621
USER-074,PROD-187,view,1773901697
USER-020,PROD-148,add_to_cart,1773903102
USER-060,PROD-139,view,1773903630
USER-036,PROD-109,view,1773903912
USER-069,PROD-009,view,1773904329
USER-020,PROD-048,view,1773904924
USER-062,PROD-196,view,1773906999
USER-033,PROD-177,view,1773907929
USER-027,PROD-131,view,1773908204
USER-041,PROD-103,view,1773908393
USER-048,PROD-150,view,1773909199
USER-008,PROD-147,view,1773909659
USER-066,PROD-167,view,1773909964
USER-011,PROD-106,add_to_cart,1773909990
USER-015,PROD-048,view,1773910979
USER-063,PROD-020,view,1773911987
USER-030,PROD-094,view,1773912298
USER-042,PROD-099,view,1773914919
USER-010,PROD-052,add_to_cart,1773915165
USER-009,PROD-049,view,1773918949
USER-062,PROD-135,add_to_cart,1773919061
USER-003,PROD-048,add_to_cart,1773919087
USER-063,PROD-032,view,1773919452
USER-007,PROD-188,view,1773921239
USER-062,PROD-029,view,1773921636
USER-038,PROD-028,view,1773922009
USER-036,PROD-112,view,1773923495
USER-006,PROD-128,view,1773924216
USER-007,PROD-187,view,1773924273
USER-014,PROD-052,view,1773924752
USER-033,PROD-158,view,1773924921
USER-056,PROD-090,view,1773925261
USER-022,PROD-104,view,1773925615
USER-034,PROD-022,view,1773925999
USER-040,PROD-142,purchase,1773926488
USER-011,PROD-117,view,1773928273
USER-061,PROD-129,view,1773931694
USER-068,PROD-195,view,1773932158
USER-032,PROD-079,view,1773932683
USER-051,PROD-052,view,1773933074
USER-027,PROD-021,view,1773933780
USER-018,PROD-077,view,1773934269
USER-014,PROD-122,view,1773935658
USER-017,PROD-176,view,1773936236
USER-055,PROD-018,view,1773936888
USER-019,PROD-102,add_to_cart,1773937685
USER-029,PROD-147,view,1773938643
USER-034,PROD-148,add_to_cart,1773940396
USER-042,PROD-056,view,1773941088
USER-066,PROD-039,add_to_cart,1773941680
USER-022,PROD-112,view,1773943683
USER-065,PROD-008,view,1773944110
USER-034,PROD-049,view,1773944655
USER-042,PROD-142,view,1773944879
USER-006,PROD-141,add_to_cart,1773946875
USER-026,PROD-151,view,1773947290
USER-040,PROD-123,view,1773947632
USER-050,PROD-180,view,1773948319
USER-039,PROD-157,view,1773948706
USER-072,PROD-140,view,1773948788
USER-060,PROD-074,view,1773949947
USER-013,PROD-039,view,1773950701
USER-024,PROD-032,view,1773951143
USER-010,PROD-079,view,1773952606
USER-029,PROD-157,add_to_cart,1773955045
USER-057,PROD-049,view,1773957463
USER-052,PROD-088,view,1773959458
USER-016,PROD-087,view,1773959921
USER-004,PROD-177,view,1773962217
USER-025,PROD-118,view,1773963646
USER-031,PROD-196,purchase,1773966778
USER-039,PROD-030,view,1773969252
USER-066,PROD-122,view,1773970821
USER-046,PROD-179,view,1773971122
USER-073,PROD-140,view,1773971977
USER-005,PROD-186,view,1773974654
USER-002,PROD-036,view,1773974912
USER-067,PROD-190,view,1773975413
USER-022,PROD-091,view,1773975741
USER-070,PROD-033,view,1773975749
USER-007,PROD-040,view,1773976545
USER-050,PROD-183,view,1773976555
USER-031,PROD-033,view,1773976757
USER-040,PROD-026,view,1773977520
USER-022,PROD-060,view,1773978881
USER-013,PROD-086,add_to_cart,1773978942
USER-046,PROD-075,view,1773979856
USER-067,PROD-200,view,1773980941
USER-054,PROD-139,view,1773982672
USER-035,PROD-150,view,1773985151
USER-040,PROD-034,add_to_cart,1773986135
USER-050,PROD-042,view,1773987228
USER-074,PROD-065,view,1773987249
USER-020,PROD-038,view,1773987782
USER-038,PROD-131,view,1773989100
USER-021,PROD-079,view,1773991150
USER-037,PROD-062,view,1773991152
USER-070,PROD-019,view,1773991633
USER-002,PROD-041,add_to_cart,1773992464
USER-065,PROD-020,view,1773994987
USER-073,PROD-142,view,1773995215
USER-016,PROD-085,view,1773996055
USER-030,PROD-193,add_to_cart,1773996342
USER-052,PROD-019,view,1773998692
USER-013,PROD-016,view,1773998789
USER-006,PROD-005,purchase,1773999510
USER-044,PROD-152,view,1774000363
USER-070,PROD-184,add_to_cart,1774000789
USER-061,PROD-131,view,1774001254
USER-039,PROD-025,view,1774004436
USER-026,PROD-106,view,1774004671
USER-038,PROD-169,view,1774005007
USER-054,PROD-104,purchase,1774005318
USER-037,PROD-093,add_to_cart,1774006046
USER-041,PROD-080,view,1774006623
USER-043,PROD-150,view,1774007067
USER-063,PROD-113,view,1774008411
USER-053,PROD-070,view,1774008536
USER-041,PROD-097,view,1774010154
USER-007,PROD-017,view,1774010370
USER-014,PROD-058,view,1774010526
USER-070,PROD-013,view,1774011310
USER-017,PROD-079,purchase,1774011368
USER-068,PROD-154,view,1774012170
USER-051,PROD-119,view,1774015212
USER-037,PROD-038,view,1774018076
USER-017,PROD-137,add_to_cart,1774018283
USER-011,PROD-165,view,1774018491
USER-031,PROD-001,view,1774018596
USER-043,PROD-091,view,1774020210
USER-003,PROD-037,view,1774020240
USER-017,PROD-149,add_to_cart,1774021944
USER-005,PROD-091,view,1774022009
USER-002,PROD-051,view,1774022926
USER-065,PROD-014,view,1774024217
USER-026,PROD-138,view,1774025565
USER-020,PROD-136,add_to_cart,1774025798
USER-047,PROD-136,view,1774026765
USER-074,PROD-122,view,1774027122
USER-026,PROD-131,view,1774028709
USER-040,PROD-038,view,1774028949
USER-060,PROD-147,view,1774029408
USER-002,PROD-161,view,1774029507
USER-057,PROD-068,view,1774030060
USER-051,PROD-175,view,1774033102
USER-059,PROD-135,view,1774034325
USER-026,PROD-026,view,1774034970
USER-074,PROD-069,view,1774035350
USER-042,PROD-117,view,1774035542
USER-064,PROD-198,add_to_cart,1774036309
USER-030,PROD-123,purchase,1774038170
USER-046,PROD-029,view,1774038496
USER-009,PROD-041,view,1774038761
USER-029,PROD-174,view,1774041808
USER-042,PROD-093,view,1774042011
USER-011,PROD-065,view,1774043102
USER-063,PROD-052,view,1774043130
USER-018,PROD-112,view,1774044178
USER-012,PROD-188,add_to_cart,1774048431
USER-058,PROD-101,view,1774048606
USER-074,PROD-189,view,1774048945
USER-036,PROD-004,view,1774049892
USER-054,PROD-151,view,1774049897
USER-060,PROD-132,view,1774050554
USER-031,PROD-017,view,1774051604
USER-068,PROD-142,purchase,1774052098
USER-058,PROD-182,view,1774052529
USER-063,PROD-024,view,1774054403
USER-046,PROD-048,view,1774054760
USER-073,PROD-091,view,1774054932
USER-005,PROD-161,view,1774055594
USER-030,PROD-153,view,1774057758
USER-073,PROD-121,view,1774058155
USER-059,PROD-029,purchase,1774064108
USER-067,PROD-160,add_to_cart,1774065335
USER-031,PROD-013,purchase,1774065504
USER-053,PROD-068,view,1774066441
USER-028,PROD-144,view,1774066478
USER-031,PROD-161,view,1774066717
USER-047,PROD-150,view,1774067258
USER-071,PROD-064,view,1774068952
USER-069,PROD-007,view,1774069583
USER-034,PROD-123,view,1774071681
USER-041,PROD-051,view,1774072016
USER-033,PROD-185,view,1774072366
USER-075,PROD-049,view,1774073450
USER-054,PROD-152,view,1774074967
USER-015,PROD-083,view,1774075407
USER-075,PROD-032,view,1774075604
USER-002,PROD-058,view,1774075644
USER-051,PROD-072,add_to_cart,1774078060
USER-004,PROD-090,view,1774080311
USER-061,PROD-125,view,1774080623
USER-063,PROD-077,view,1774081469
USER-033,PROD-122,view,1774084349
USER-070,PROD-091,view,1774086716
USER-074,PROD-200,view,1774088128
USER-036,PROD-166,view,1774088543
USER-017,PROD-041,view,1774088730
USER-006,PROD-149,add_to_cart,1774088954
USER-009,PROD-107,add_to_cart,1774088999
USER-062,PROD-105,view,1774091033
USER-056,PROD-198,view,1774092054
USER-034,PROD-134,view,1774092661
USER-047,PROD-199,view,1774093434
USER-041,PROD-045,view,1774094521
USER-008,PROD-104,view,1774094689
USER-006,PROD-050,view,1774095633
USER-050,PROD-095,view,1774096020
USER-063,PROD-115,view,1774097866
USER-042,PROD-117,view,1774100075
USER-002,PROD-175,view,1774100442
USER-031,PROD-015,view,1774101196
USER-070,PROD-060,view,1774102863
USER-021,PROD-024,view,1774103070
USER-033,PROD-020,view,1774103976
USER-039,PROD-122,view,1774104797
USER-070,PROD-190,view,1774105720
USER-029,PROD-177,view,1774106083
USER-007,PROD-178,add_to_cart,1774107001
USER-065,PROD-113,add_to_cart,1774107299
USER-023,PROD-169,view,1774108660
USER-021,PROD-096,view,1774109483
USER-069,PROD-078,view,1774110082
USER-048,PROD-137,view,1774110236
USER-019,PROD-024,view,1774110968
USER-021,PROD-013,view,1774113180
USER-059,PROD-034,view,1774113558
USER-008,PROD-135,view,1774113931
USER-009,PROD-013,add_to_cart,1774116584
USER-039,PROD-115,add_to_cart,1774116998
USER-070,PROD-050,view,1774117327
USER-045,PROD-186,view,1774118252
USER-037,PROD-093,view,1774118826
USER-038,PROD-004,view,1774119778
USER-069,PROD-154,view,1774123637
USER-027,PROD-180,add_to_cart,1774123811
USER-038,PROD-067,view,1774126801
USER-061,PROD-109,view,1774126989
USER-069,PROD-003,purchase,1774127336
USER-020,PROD-089,view,1774127697
USER-057,PROD-117,view,1774128552
USER-036,PROD-085,purchase,1774129429
USER-001,PROD-140,view,1774129925
USER-036,PROD-162,view,1774130079
USER-004,PROD-101,view,1774130221
USER-016,PROD-129,view,1774130295
USER-048,PROD-031,view,1774131328
USER-063,PROD-151,view,1774131673
USER-028,PROD-097,view,1774131981
USER-069,PROD-083,view,1774132540
USER-026,PROD-198,view,1774133312
USER-061,PROD-175,view,1774133428
USER-031,PROD-193,view,1774134851
USER-052,PROD-175,view,1774135330
USER-014,PROD-120,add_to_cart,1774135818
USER-055,PROD-113,view,1774137700
USER-053,PROD-048,view,1774137701
USER-063,PROD-188,add_to_cart,1774137745
USER-039,PROD-123,view,1774138078
USER-029,PROD-176,add_to_cart,1774138623
USER-023,PROD-080,view,1774139766
USER-023,PROD-163,view,1774142059
USER-030,PROD-003,view,1774143548
USER-066,PROD-046,view,1774144748
USER-049,PROD-002,view,1774146559
USER-001,PROD-025,view,1774147027
USER-012,PROD-048,view,1774147336
USER-013,PROD-129,view,1774147376
USER-059,PROD-031,view,1774147614
USER-020,PROD-189,view,1774147826
USER-066,PROD-069,add_to_cart,1774149506
USER-020,PROD-034,view,1774149548
USER-074,PROD-199,view,1774150906
USER-015,PROD-087,view,1774154004
USER-052,PROD-145,view,1774154411
USER-034,PROD-024,view,1774155121
USER-017,PROD-159,add_to_cart,1774155753
USER-001,PROD-127,view,1774156660
USER-052,PROD-115,view,1774158073
USER-038,PROD-139,view,1774159552
USER-049,PROD-067,view,1774162277
USER-035,PROD-048,view,1774163093
USER-049,PROD-158,view,1774163425
USER-026,PROD-009,view,1774165104
USER-044,PROD-067,view,1774165661
USER-067,PROD-069,view,1774168273
USER-055,PROD-015,view,1774170177
USER-047,PROD-094,view,1774173130
USER-039,PROD-031,view,1774173830
USER-014,PROD-117,view,1774173910
USER-070,PROD-096,view,1774175571
USER-033,PROD-101,view,1774176957
USER-002,PROD-170,view,1774177058
USER-057,PROD-042,view,1774177730
USER-015,PROD-016,view,1774177906
USER-005,PROD-096,add_to_cart,1774179195
USER-031,PROD-150,view,1774179661
USER-025,PROD-137,view,1774180607
USER-063,PROD-098,view,1774180807
USER-063,PROD-138,add_to_cart,1774181533
USER-064,PROD-180,view,1774182164
USER-010,PROD-080,view,1774182760
USER-039,PROD-157,view,1774183675
USER-048,PROD-031,purchase,1774184565
USER-047,PROD-126,view,1774184810
USER-015,PROD-016,view,1774185846
USER-058,PROD-168,view,1774186999
USER-075,PROD-065,view,1774187127
USER-031,PROD-018,view,1774189219
USER-064,PROD-166,view,1774190797
USER-072,PROD-039,view,1774190878
USER-021,PROD-040,view,1774191521
USER-005,PROD-120,view,1774192168
USER-053,PROD-066,view,1774193974
USER-025,PROD-070,view,1774195204
USER-063,PROD-026,view,1774195929
USER-025,PROD-021,view,1774197112
USER-051,PROD-056,view,1774197839
USER-074,PROD-052,view,1774198472
USER-012,PROD-064,view,1774198475
USER-019,PROD-189,view,1774198852
USER-046,PROD-011,view,1774199943
USER-038,PROD-147,view,1774200449
USER-003,PROD-019,view,1774201665
USER-019,PROD-146,view,1774204044
USER-021,PROD-076,view,1774204151
USER-012,PROD-035,add_to_cart,1774204703
USER-005,PROD-056,add_to_cart,1774207051
USER-001,PROD-153,view,1774208471
USER-017,PROD-172,purchase,1774211367
USER-065,PROD-109,view,1774211768
USER-071,PROD-198,view,1774214470
USER-065,PROD-124,add_to_cart,1774215666
USER-020,PROD-005,view,1774215833
USER-025,PROD-058,view,1774217467
USER-064,PROD-122,view,1774218978
USER-018,PROD-131,add_to_cart,1774219724
USER-050,PROD-190,purchase,1774222136
USER-012,PROD-067,view,1774223696
USER-024,PROD-162,add_to_cart,1774223823
USER-031,PROD-182,view,1774224218
USER-044,PROD-069,view,1774224843
USER-027,PROD-072,view,1774227476
USER-038,PROD-026,view,1774229115
USER-016,PROD-124,view,1774229948
USER-065,PROD-027,view,1774230378
USER-023,PROD-180,view,1774231497
USER-006,PROD-181,view,1774233563
USER-069,PROD-006,purchase,1774234036
USER-006,PROD-176,view,1774234224
USER-013,PROD-023,view,1774234959
USER-064,PROD-025,view,1774235514
USER-006,PROD-058,add_to_cart,1774241034
USER-015,PROD-136,add_to_cart,1774241606
USER-045,PROD-191,view,1774242878
USER-038,PROD-074,view,1774243687
USER-005,PROD-031,add_to_cart,1774244008
USER-051,PROD-016,view,1774246861
USER-060,PROD-086,view,1774247204
USER-014,PROD-062,view,1774247832
USER-010,PROD-001,view,1774249003
USER-011,PROD-066,view,1774250500
USER-026,PROD-147,view,1774251284
USER-031,PROD-199,purchase,1774251348
USER-027,PROD-194,view,1774251814
USER-052,PROD-003,view,1774252083
USER-037,PROD-084,view,1774254512
USER-036,PROD-107,view,1774255500
USER-029,PROD-085,view,1774256700
USER-048,PROD-029,view,1774259675
USER-032,PROD-084,view,1774259799
USER-041,PROD-078,view,1774261435
USER-065,PROD-132,view,1774265929
USER-055,PROD-034,add_to_cart,1774266007
USER-057,PROD-060,add_to_cart,1774267368
USER-017,PROD-180,view,1774269930
USER-003,PROD-044,view,1774271202
USER-036,PROD-100,view,1774272513
USER-016,PROD-012,add_to_cart,1774273404
USER-065,PROD-083,view,1774273495
USER-070,PROD-125,view,1774275488
USER-025,PROD-092,add_to_cart,1774276549
USER-065,PROD-190,add_to_cart,1774276764
USER-055,PROD-062,add_to_cart,1774279481
USER-072,PROD-040,add_to_cart,1774279961
USER-018,PROD-050,view,1774280545
USER-052,PROD-092,view,1774281327
USER-075,PROD-148,view,1774284019
USER-049,PROD-050,view,1774284919
USER-047,PROD-119,view,1774284941
USER-075,PROD-195,view,1774285806
USER-055,PROD-058,purchase,1774287775
USER-022,PROD-029,view,1774290592
USER-014,PROD-074,purchase,1774291001
USER-072,PROD-047,view,1774291426
USER-060,PROD-115,view,1774292349
USER-017,PROD-111,view,1774292351
USER-073,PROD-110,add_to_cart,1774295692
USER-020,PROD-156,view,1774296717
USER-058,PROD-014,view,1774297303
USER-030,PROD-196,add_to_cart,1774297421
USER-029,PROD-170,view,1774298189
USER-070,PROD-042,add_to_cart,1774298286
USER-011,PROD-152,view,1774299976
USER-042,PROD-176,view,1774300077
USER-050,PROD-006,add_to_cart,1774300222
USER-016,PROD-151,view,1774300370
USER-039,PROD-003,add_to_cart,1774301004
USER-039,PROD-003,view,1774301086
USER-027,PROD-086,view,1774301173
USER-023,PROD-092,view,1774301240
USER-046,PROD-117,purchase,1774301604
USER-008,PROD-184,view,1774302637
USER-044,PROD-057,view,1774303469
USER-027,PROD-068,view,1774303689
USER-017,PROD-177,view,1774305465
USER-063,PROD-152,add_to_cart,1774305826
USER-014,PROD-154,view,1774306462
USER-011,PROD-085,view,1774307123
USER-044,PROD-193,view,1774307272
USER-050,PROD-141,view,1774309048
USER-052,PROD-002,view,1774309209
USER-019,PROD-096,view,1774309592
USER-069,PROD-011,view,1774309865
USER-055,PROD-013,view,1774310074
USER-002,PROD-039,view,1774311572
USER-059,PROD-010,view,1774312746
USER-015,PROD-053,view,1774312805
USER-062,PROD-010,view,1774313450
USER-044,PROD-060,view,1774314224
USER-034,PROD-032,view,1774314380
USER-069,PROD-148,view,1774314611
USER-014,PROD-078,view,1774316421
USER-050,PROD-111,view,1774316428
USER-033,PROD-162,view,1774316691
USER-051,PROD-104,view,1774316860
USER-074,PROD-059,add_to_cart,1774317846
USER-060,PROD-099,view,1774318456
USER-058,PROD-122,add_to_cart,1774318683
USER-044,PROD-116,view,1774321408
USER-045,PROD-188,view,1774324121
USER-004,PROD-127,view,1774324417
USER-003,PROD-103,view,1774325616
USER-019,PROD-074,view,1774328379
USER-011,PROD-168,view,1774329562
USER-022,PROD-121,view,1774330941
USER-044,PROD-017,view,1774331453
USER-021,PROD-145,add_to_cart,1774331989
USER-044,PROD-195,view,1774332008
USER-061,PROD-161,view,1774333049
USER-035,PROD-096,view,1774333110
USER-015,PROD-046,view,1774334251
USER-067,PROD-124,view,1774335856
USER-060,PROD-158,view,1774337630
USER-037,PROD-073,view,1774337720
USER-051,PROD-100,view,1774339612
USER-047,PROD-154,purchase,1774341189
USER-072,PROD-059,view,1774342786
USER-046,PROD-123,view,1774342820
USER-054,PROD-075,view,1774343834
USER-031,PROD-188,view,1774344034
USER-028,PROD-076,add_to_cart,1774346428
USER-028,PROD-026,view,1774346749
USER-012,PROD-053,view,1774348043
USER-031,PROD-191,add_to_cart,1774348191
USER-020,PROD-138,view,1774349016
USER-021,PROD-149,view,1774349795
USER-067,PROD-117,add_to_cart,1774350682
USER-064,PROD-132,view,1774351218
USER-061,PROD-163,view,1774351547
USER-045,PROD-103,add_to_cart,1774353189
USER-036,PROD-094,view,1774353739
USER-033,PROD-089,purchase,1774354003
USER-014,PROD-076,view,1774354132
USER-069,PROD-176,view,1774354788
USER-075,PROD-140,view,1774355359
USER-055,PROD-068,view,1774356589
USER-045,PROD-081,view,1774357348
USER-040,PROD-158,view,1774357918
USER-030,PROD-148,view,1774358332
USER-005,PROD-079,view,1774358726
USER-053,PROD-067,view,1774360833
USER-021,PROD-005,view,1774362026
USER-066,PROD-175,view,1774362501
USER-058,PROD-066,view,1774362706
USER-036,PROD-100,purchase,1774363364
USER-060,PROD-089,view,1774363800
USER-012,PROD-154,view,1774363842
USER-004,PROD-158,view,1774364095
USER-019,PROD-177,view,1774364802
USER-043,PROD-058,add_to_cart,1774368131
USER-011,PROD-159,view,1774369907
USER-055,PROD-071,view,1774371180
USER-025,PROD-155,add_to_cart,1774373286
USER-012,PROD-191,view,1774374234
USER-056,PROD-044,view,1774374506
USER-041,PROD-066,add_to_cart,1774376623
USER-025,PROD-164,view,1774377052
USER-058,PROD-124,view,1774377688
USER-067,PROD-122,view,1774378009
USER-025,PROD-087,view,1774379466
USER-001,PROD-079,view,1774379675
USER-031,PROD-173,view,1774380238
USER-050,PROD-141,view,1774380853
USER-023,PROD-089,view,1774381655
USER-030,PROD-066,view,1774382764
USER-045,PROD-138,view,1774383170
USER-054,PROD-136,add_to_cart,1774384079
USER-025,PROD-137,view,1774384110
USER-065,PROD-163,view,1774385275
USER-066,PROD-014,add_to_cart,1774385937
USER-048,PROD-096,view,1774387063
USER-050,PROD-078,view,1774391267
USER-070,PROD-050,view,1774397497
USER-025,PROD-044,view,1774398455
USER-059,PROD-063,add_to_cart,1774399026
USER-067,PROD-087,view,1774400742
USER-021,PROD-133,view,1774401077
USER-007,PROD-020,view,1774403237
USER-056,PROD-025,view,1774403408
USER-029,PROD-044,add_to_cart,1774403720
USER-057,PROD-053,view,1774403765
USER-070,PROD-023,view,1774404055
USER-041,PROD-119,add_to_cart,1774404265
USER-073,PROD-002,view,1774404272
USER-005,PROD-054,view,1774406270
USER-050,PROD-155,view,1774411734
USER-073,PROD-033,view,1774411860
USER-050,PROD-195,view,1774411866
USER-053,PROD-040,view,1774412153
USER-074,PROD-184,view,1774413542
USER-055,PROD-101,view,1774414170
USER-059,PROD-070,view,1774415704
USER-018,PROD-111,view,1774415870
USER-018,PROD-111,view,1774415934
USER-041,PROD-093,add_to_cart,1774416203
USER-012,PROD-144,add_to_cart,1774419681
USER-016,PROD-023,view,1774420008
USER-028,PROD-172,add_to_cart,1774426115
USER-012,PROD-070,view,1774427048
USER-067,PROD-118,view,1774427640
USER-041,PROD-054,view,1774427958
USER-059,PROD-128,view,1774428296
USER-060,PROD-043,view,1774428598
USER-051,PROD-020,view,1774429206
USER-060,PROD-016,add_to_cart,1774430122
USER-006,PROD-016,purchase,1774430373
USER-064,PROD-099,view,1774433093
USER-071,PROD-088,add_to_cart,1774433190
USER-039,PROD-095,add_to_cart,1774433576
USER-038,PROD-055,view,1774434051
USER-006,PROD-143,view,1774434235
USER-074,PROD-136,view,1774434320
USER-031,PROD-189,view,1774434552
USER-018,PROD-101,add_to_cart,1774434632
USER-018,PROD-088,add_to_cart,1774434945
USER-051,PROD-101,view,1774435635
USER-048,PROD-056,view,1774436072
USER-015,PROD-103,add_to_cart,1774436619
USER-063,PROD-130,view,1774436838
USER-003,PROD-155,view,1774437590
USER-069,PROD-132,view,1774438143
USER-035,PROD-084,view,1774438815
USER-014,PROD-126,view,1774439556
USER-004,PROD-114,view,1774439835
USER-002,PROD-036,add_to_cart,1774440349
USER-060,PROD-097,view,1774444626
USER-046,PROD-075,view,1774447627
USER-017,PROD-142,view,1774448680
USER-032,PROD-039,purchase,1774448769
USER-030,PROD-119,view,1774448818
USER-035,PROD-100,view,1774449828
USER-041,PROD-052,add_to_cart,1774450107
USER-053,PROD-187,view,1774451241
USER-074,PROD-125,add_to_cart,1774451848
USER-036,PROD-006,view,1774454786
USER-016,PROD-154,view,1774455685
USER-005,PROD-174,view,1774456566
USER-049,PROD-051,view,1774456801
USER-065,PROD-032,add_to_cart,1774457249
USER-057,PROD-064,view,1774457499
USER-013,PROD-027,view,1774457503
USER-047,PROD-001,view,1774457508
USER-013,PROD-141,view,1774457792
USER-021,PROD-016,view,1774458686
USER-010,PROD-142,add_to_cart,1774458875
USER-063,PROD-037,view,1774459778
USER-056,PROD-009,add_to_cart,1774461589
USER-051,PROD-144,purchase,1774461591
USER-024,PROD-142,view,1774463515
USER-052,PROD-110,view,1774464773
USER-054,PROD-039,add_to_cart,1774465054
USER-016,PROD-124,view,1774466125
USER-041,PROD-044,view,1774466258
USER-008,PROD-092,view,1774467941
USER-008,PROD-075,view,1774468007
USER-019,PROD-085,view,1774469738
USER-075,PROD-150,add_to_cart,1774469899
USER-018,PROD-043,view,1774470265
USER-057,PROD-107,view,1774470602
USER-074,PROD-149,view,1774471277
USER-045,PROD-140,view,1774471384
USER-022,PROD-030,view,1774471945
USER-053,PROD-188,view,1774472223
USER-013,PROD-142,add_to_cart,1774474683
USER-041,PROD-118,view,1774475147
USER-035,PROD-063,view,1774476623
USER-030,PROD-087,view,1774479032
USER-043,PROD-129,add_to_cart,1774479482
USER-023,PROD-162,view,1774479682
USER-046,PROD-038,view,1774480668
USER-034,PROD-109,view,1774480906
USER-053,PROD-042,view,1774483943
USER-057,PROD-044,purchase,1774485037
USER-060,PROD-020,view,1774486535
USER-055,PROD-095,view,1774487204
USER-005,PROD-085,view,1774490002
USER-030,PROD-118,view,1774491680
USER-028,PROD-113,view,1774491958
USER-047,PROD-115,view,1774492608
USER-010,PROD-090,view,1774492890
USER-021,PROD-038,view,1774493914
USER-020,PROD-176,view,1774494771
USER-071,PROD-001,view,1774495431
USER-061,PROD-049,view,1774497830
USER-062,PROD-160,view,1774498986
USER-060,PROD-090,view,1774499122
USER-028,PROD-141,view,1774499122
USER-066,PROD-138,view,1774502581
USER-061,PROD-167,view,1774504152
USER-012,PROD-089,view,1774505612
USER-074,PROD-143,view,1774507432
USER-014,PROD-063,view,1774507960
USER-075,PROD-191,add_to_cart,1774509964
USER-026,PROD-148,view,1774510676
USER-010,PROD-145,view,1774511273
USER-037,PROD-152,view,1774511835
USER-031,PROD-197,add_to_cart,1774512698
USER-071,PROD-102,view,1774513729
USER-013,PROD-127,view,1774514364
USER-041,PROD-080,view,1774515652
USER-043,PROD-022,view,1774517302
USER-010,PROD-072,view,1774517702
USER-042,PROD-186,view,1774517864
USER-036,PROD-100,view,1774519074
USER-002,PROD-186,add_to_cart,1774519451
USER-042,PROD-023,add_to_cart,1774520198
USER-049,PROD-162,add_to_cart,1774520290
USER-051,PROD-027,add_to_cart,1774521942
USER-054,PROD-107,view,1774522937
USER-070,PROD-070,view,1774523883
USER-015,PROD-042,view,1774524227
USER-010,PROD-016,view,1774524709
USER-040,PROD-148,view,1774524751
USER-002,PROD-060,purchase,1774525270
USER-045,PROD-074,view,1774526068
USER-022,PROD-172,purchase,1774527073
USER-059,PROD-017,add_to_cart,1774527852
USER-071,PROD-128,view,1774528099
USER-054,PROD-131,view,1774528123
USER-062,PROD-025,add_to_cart,1774528340
USER-062,PROD-162,add_to_cart,1774529816
USER-027,PROD-007,view,1774531677
USER-032,PROD-083,view,1774531787
USER-066,PROD-009,view,1774532234
USER-026,PROD-022,view,1774533073
USER-038,PROD-028,view,1774534702
USER-032,PROD-162,view,1774536513
USER-020,PROD-060,view,1774537906
USER-072,PROD-026,view,1774537968
USER-052,PROD-049,purchase,1774538404
USER-055,PROD-005,add_to_cart,1774538532
USER-042,PROD-149,view,1774538640
USER-010,PROD-146,purchase,1774539590
USER-015,PROD-040,add_to_cart,1774544629
USER-015,PROD-043,view,1774546938
USER-046,PROD-102,add_to_cart,1774546959
USER-022,PROD-151,add_to_cart,1774546986
USER-003,PROD-013,view,1774547027
USER-037,PROD-041,add_to_cart,1774549526
USER-018,PROD-118,view,1774551068
USER-071,PROD-146,view,1774552001
USER-034,PROD-022,view,1774552049
USER-051,PROD-128,add_to_cart,1774552125
USER-070,PROD-194,view,1774552386
USER-037,PROD-025,view,1774552719
USER-008,PROD-122,view,1774552832
USER-018,PROD-159,view,1774554228
USER-028,PROD-021,view,1774554804
USER-058,PROD-169,view,1774555715
USER-009,PROD-152,view,1774556853
USER-064,PROD-074,view,1774557697
USER-058,PROD-184,view,1774557713
USER-073,PROD-153,view,1774558401
USER-018,PROD-159,view,1774559469
USER-066,PROD-062,view,1774563885
USER-053,PROD-067,view,1774566168
USER-064,PROD-062,view,1774567037
USER-037,PROD-069,view,1774567888
USER-061,PROD-102,view,1774569317
USER-067,PROD-160,view,1774570176
USER-042,PROD-051,view,1774571853
USER-002,PROD-132,view,1774571970
USER-070,PROD-016,view,1774573291
USER-074,PROD-072,view,1774573347
USER-007,PROD-005,view,1774573363
USER-043,PROD-057,view,1774576034
USER-074,PROD-193,view,1774576864
USER-056,PROD-088,view,1774578170
USER-041,PROD-045,add_to_cart,1774579826
USER-059,PROD-153,view,1774580313
USER-020,PROD-052,add_to_cart,1774582354
USER-009,PROD-132,view,1774583334
USER-022,PROD-184,view,1774583485
USER-011,PROD-177,view,1774583655
USER-027,PROD-040,view,1774583803
USER-067,PROD-136,view,1774584650
USER-010,PROD-085,add_to_cart,1774585060
USER-045,PROD-010,view,1774586170
USER-013,PROD-125,view,1774586249
USER-001,PROD-082,purchase,1774586556
USER-051,PROD-042,view,1774587858
USER-046,PROD-043,view,1774589083
USER-060,PROD-089,add_to_cart,1774589485
USER-057,PROD-052,view,1774589561
USER-056,PROD-125,view,1774589651
USER-063,PROD-029,add_to_cart,1774589909
USER-047,PROD-138,view,1774590190
USER-036,PROD-173,view,1774590736
USER-053,PROD-191,view,1774591489
USER-013,PROD-119,view,1774591837
USER-053,PROD-141,view,1774592740
USER-070,PROD-138,view,1774593094
USER-052,PROD-117,view,1774594415
USER-007,PROD-125,view,1774594537
USER-020,PROD-059,add_to_cart,1774595727
USER-013,PROD-043,view,1774596432
USER-049,PROD-031,add_to_cart,1774599350
USER-031,PROD-025,purchase,1774600236
USER-061,PROD-119,view,1774600970
USER-036,PROD-162,view,1774602467
USER-014,PROD-130,view,1774603832
USER-036,PROD-139,view,1774604029
USER-007,PROD-097,view,1774604770
USER-048,PROD-104,add_to_cart,1774605928
USER-011,PROD-111,view,1774608059
USER-045,PROD-100,view,1774608490
USER-072,PROD-155,view,1774610786
USER-051,PROD-029,view,1774611307
USER-054,PROD-101,view,1774611509
USER-065,PROD-053,view,1774612003
USER-040,PROD-143,view,1774614401
USER-009,PROD-144,add_to_cart,1774615918
USER-041,PROD-073,add_to_cart,1774616127
USER-036,PROD-087,view,1774619310
USER-050,PROD-137,add_to_cart,1774621141
USER-014,PROD-019,view,1774621297
USER-014,PROD-068,view,1774623352
USER-006,PROD-049,view,1774623990
USER-073,PROD-027,add_to_cart,1774624141
USER-026,PROD-199,view,1774627617
USER-018,PROD-059,view,1774628198
USER-040,PROD-096,view,1774629398
USER-064,PROD-011,view,1774630225
USER-059,PROD-018,add_to_cart,1774630689
USER-075,PROD-038,view,1774630771
USER-045,PROD-172,view,1774631950
USER-015,PROD-110,view,1774633113
USER-016,PROD-092,view,1774633356
USER-001,PROD-123,purchase,1774635371
USER-034,PROD-028,add_to_cart,1774636187
USER-016,PROD-086,view,1774636746
USER-054,PROD-139,view,1774637111
USER-075,PROD-062,purchase,1774638663
USER-061,PROD-169,purchase,1774639030
USER-074,PROD-066,add_to_cart,1774640014
USER-012,PROD-026,view,1774640226
USER-069,PROD-173,view,1774641869
USER-069,PROD-168,view,1774642742
USER-066,PROD-124,view,1774643438
USER-071,PROD-159,view,1774644912
USER-069,PROD-170,view,1774647529
USER-072,PROD-062,add_to_cart,1774648196
USER-063,PROD-186,add_to_cart,1774648567
USER-027,PROD-081,add_to_cart,1774649944
USER-067,PROD-185,purchase,1774651565
USER-071,PROD-065,add_to_cart,1774651760
USER-043,PROD-185,view,1774652242
USER-044,PROD-187,view,1774653389
USER-066,PROD-092,view,1774653573
USER-008,PROD-060,view,1774654424
USER-032,PROD-095,view,1774655224
USER-039,PROD-102,view,1774656757
USER-042,PROD-144,view,1774658762
USER-027,PROD-162,view,1774659038
USER-020,PROD-028,view,1774659635
USER-074,PROD-064,purchase,1774660337
USER-047,PROD-022,view,1774661245
USER-057,PROD-123,view,1774662154
USER-042,PROD-079,view,1774662675
USER-026,PROD-147,view,1774666212
USER-025,PROD-032,view,1774667777
USER-045,PROD-097,add_to_cart,1774667792
USER-045,PROD-145,view,1774668163
USER-038,PROD-042,view,1774669256
USER-071,PROD-129,view,1774669275
USER-032,PROD-097,view,1774670845
USER-070,PROD-023,add_to_cart,1774670875
USER-058,PROD-043,view,1774671088
USER-018,PROD-149,view,1774671233
USER-057,PROD-108,view,1774673082
USER-050,PROD-182,view,1774673974
USER-023,PROD-155,view,1774676305
USER-067,PROD-009,add_to_cart,1774677164
USER-055,PROD-031,view,1774678579
USER-070,PROD-001,view,1774679415
USER-021,PROD-066,view,1774680172
USER-013,PROD-090,purchase,1774680718
USER-055,PROD-061,view,1774681104
USER-056,PROD-142,view,1774683172
USER-061,PROD-106,add_to_cart,1774683833
USER-066,PROD-039,add_to_cart,1774684157
USER-018,PROD-134,view,1774684187
USER-026,PROD-034,add_to_cart,1774685755
USER-051,PROD-185,add_to_cart,1774686907
USER-068,PROD-149,view,1774687415
USER-025,PROD-154,view,1774688164
USER-059,PROD-159,view,1774688294
USER-001,PROD-032,view,1774688746
USER-012,PROD-067,view,1774688761
USER-036,PROD-158,view,1774688833
USER-052,PROD-164,view,1774688834
USER-022,PROD-118,view,1774689666
USER-017,PROD-001,view,1774689842
USER-008,PROD-001,view,1774690387
USER-075,PROD-166,view,1774691004
USER-065,PROD-104,view,1774691149
USER-075,PROD-049,view,1774691553
USER-023,PROD-005,view,1774691875
USER-034,PROD-172,view,1774692374
USER-034,PROD-162,view,1774693150
USER-044,PROD-194,view,1774693286
USER-009,PROD-031,view,1774693625
USER-042,PROD-097,view,1774693877
USER-032,PROD-063,add_to_cart,1774694919
USER-038,PROD-097,add_to_cart,1774696221
USER-057,PROD-045,view,1774696491
USER-013,PROD-130,add_to_cart,1774698648
USER-009,PROD-030,view,1774699249
USER-055,PROD-071,view,1774700455
USER-012,PROD-022,view,1774703534
USER-025,PROD-037,view,1774703975
USER-028,PROD-031,view,1774704471
USER-017,PROD-158,view,1774710928
USER-031,PROD-184,add_to_cart,1774712517
USER-047,PROD-042,view,1774715177
USER-060,PROD-067,view,1774715247
USER-059,PROD-111,view,1774715545
USER-004,PROD-113,view,1774716951
USER-014,PROD-121,view,1774717754
USER-017,PROD-139,view,1774718109
USER-031,PROD-170,purchase,1774720767
USER-023,PROD-167,view,1774721467
USER-024,PROD-029,purchase,1774722735
USER-031,PROD-055,purchase,1774723633
USER-052,PROD-105,view,1774723977
USER-035,PROD-044,view,1774724934
USER-032,PROD-086,view,1774724962
USER-035,PROD-161,view,1774725731
USER-042,PROD-088,view,1774725892
USER-001,PROD-099,view,1774726206
USER-046,PROD-126,view,1774729170
USER-014,PROD-108,view,1774730245
USER-064,PROD-057,view,1774730602
USER-011,PROD-165,view,1774732894
USER-004,PROD-189,view,1774734386
USER-053,PROD-036,view,1774734965
USER-014,PROD-081,purchase,1774735231
USER-002,PROD-022,add_to_cart,1774735303
USER-043,PROD-051,view,1774735480
USER-047,PROD-107,view,1774736515
USER-038,PROD-012,view,1774736916
USER-032,PROD-158,view,1774736951
USER-012,PROD-100,view,1774737391
USER-015,PROD-144,view,1774739055
USER-014,PROD-067,view,1774740658
USER-058,PROD-158,view,1774741431
USER-027,PROD-073,view,1774743261
USER-029,PROD-177,purchase,1774743923
USER-024,PROD-195,view,1774744583
USER-055,PROD-186,view,1774744997
USER-072,PROD-140,add_to_cart,1774745889
USER-051,PROD-054,view,1774746059
USER-028,PROD-021,view,1774747175
USER-029,PROD-044,view,1774747329
USER-073,PROD-027,view,1774747339
USER-009,PROD-170,view,1774747368
USER-046,PROD-180,purchase,1774748188
USER-036,PROD-087,view,1774748324
USER-002,PROD-064,view,1774749363
USER-008,PROD-067,view,1774749457
USER-024,PROD-183,view,1774749850
USER-070,PROD-169,view,1774749972
USER-056,PROD-085,view,1774752352
USER-053,PROD-055,view,1774753356
USER-018,PROD-108,view,1774753942
USER-027,PROD-079,view,1774754722
USER-037,PROD-172,view,1774756899
USER-059,PROD-168,view,1774757227
USER-016,PROD-134,view,1774757260
USER-005,PROD-121,view,1774760065
USER-003,PROD-085,add_to_cart,1774761934
USER-054,PROD-167,view,1774763981
USER-017,PROD-166,view,1774764112
USER-020,PROD-152,view,1774764127
USER-023,PROD-142,view,1774764311
USER-050,PROD-169,add_to_cart,1774764586
USER-071,PROD-108,view,1774765781
USER-010,PROD-133,add_to_cart,1774765898
USER-022,PROD-173,view,1774766036
USER-073,PROD-039,purchase,1774766490
USER-003,PROD-059,view,1774767712
USER-034,PROD-024,view,1774767916
USER-018,PROD-127,add_to_cart,1774767950
USER-027,PROD-088,add_to_cart,1774768154
USER-004,PROD-075,view,1774768524
USER-031,PROD-157,view,1774769001
USER-024,PROD-083,view,1774769541
USER-068,PROD-073,add_to_cart,1774771126
USER-064,PROD-083,view,1774771372
USER-015,PROD-067,add_to_cart,1774772089
USER-033,PROD-147,view,1774773394
USER-040,PROD-078,add_to_cart,1774775621
USER-064,PROD-079,view,1774775672
USER-066,PROD-170,view,1774775867
USER-058,PROD-198,view,1774776545
USER-021,PROD-162,view,1774778288
USER-032,PROD-081,view,1774781675
USER-069,PROD-017,view,1774782442
USER-025,PROD-001,view,1774786683
USER-010,PROD-018,purchase,1774788392
USER-071,PROD-112,view,1774790022
USER-012,PROD-064,view,1774791399
USER-023,PROD-043,view,1774791421
USER-044,PROD-199,view,1774792303
USER-050,PROD-198,view,1774792661
USER-067,PROD-128,view,1774793225
USER-067,PROD-080,view,1774793284
USER-058,PROD-183,view,1774795364
USER-036,PROD-151,view,1774796179
USER-041,PROD-030,view,1774796548
USER-006,PROD-128,view,1774797497
USER-008,PROD-090,view,1774797677
USER-055,PROD-022,view,1774798257
USER-068,PROD-082,view,1774799316
USER-044,PROD-181,view,1774799802
USER-069,PROD-013,view,1774800742
USER-038,PROD-016,view,1774801104
USER-028,PROD-089,view,1774801282
USER-048,PROD-020,view,1774801400
USER-073,PROD-009,purchase,1774802144
USER-011,PROD-133,view,1774803146
USER-010,PROD-005,view,1774803194
USER-019,PROD-154,view,1774803488
USER-059,PROD-152,add_to_cart,1774805650
USER-021,PROD-115,view,1774805961
USER-018,PROD-123,view,1774806847
USER-024,PROD-077,view,1774807752
USER-047,PROD-013,view,1774808246
USER-070,PROD-032,view,1774809765
USER-040,PROD-116,view,1774809832
USER-068,PROD-074,add_to_cart,1774811541
USER-021,PROD-136,add_to_cart,1774811928
USER-035,PROD-041,view,1774812330
USER-045,PROD-142,view,1774814534
USER-065,PROD-055,purchase,1774817663
USER-074,PROD-118,view,1774818301
USER-071,PROD-069,view,1774819054
USER-064,PROD-073,purchase,1774819644
USER-071,PROD-020,view,1774820606
USER-057,PROD-045,view,1774820786
USER-002,PROD-165,view,1774820977
USER-041,PROD-105,view,1774821453
USER-018,PROD-136,view,1774821608
USER-048,PROD-031,view,1774821960
USER-050,PROD-189,view,1774822013
USER-011,PROD-079,view,1774822485
USER-066,PROD-177,view,1774822717
USER-019,PROD-007,view,1774823169
USER-005,PROD-040,add_to_cart,1774823584
USER-070,PROD-045,view,1774825191
USER-040,PROD-055,view,1774825829
USER-072,PROD-105,view,1774826188
USER-001,PROD-086,view,1774826582
USER-009,PROD-131,add_to_cart,1774826848
USER-066,PROD-156,add_to_cart,1774827155
USER-015,PROD-134,view,1774827303
USER-010,PROD-146,view,1774828818
USER-001,PROD-101,view,1774828866
USER-036,PROD-127,view,1774828996
USER-055,PROD-007,view,1774830865
USER-037,PROD-147,add_to_cart,1774831774
USER-075,PROD-157,view,1774832018
USER-063,PROD-082,view,1774832620
USER-012,PROD-014,view,1774832876
USER-028,PROD-072,add_to_cart,1774833176
USER-037,PROD-173,view,1774834421
USER-007,PROD-085,view,1774834527
USER-062,PROD-124,add_to_cart,1774834760
USER-052,PROD-027,view,1774834767
USER-050,PROD-111,view,1774835442
USER-003,PROD-115,view,1774838227
USER-020,PROD-138,view,1774838576
USER-018,PROD-087,view,1774840377
USER-029,PROD-133,add_to_cart,1774840981
USER-022,PROD-135,view,1774841150
USER-067,PROD-127,view,1774841464
USER-023,PROD-162,view,1774841675
USER-049,PROD-059,view,1774842362
USER-055,PROD-145,add_to_cart,1774842483
USER-002,PROD-197,view,1774843181
USER-074,PROD-046,view,1774843858
USER-064,PROD-154,add_to_cart,1774844018
USER-068,PROD-140,view,1774845722
USER-042,PROD-099,view,1774846782
USER-002,PROD-165,add_to_cart,1774846817
USER-069,PROD-034,view,1774847064
USER-010,PROD-009,view,1774847397
USER-022,PROD-127,add_to_cart,1774848770
USER-053,PROD-142,view,1774849404
USER-024,PROD-167,view,1774849651
USER-005,PROD-029,view,1774850328
USER-065,PROD-108,add_to_cart,1774851724
USER-020,PROD-023,view,1774851920
USER-057,PROD-128,view,1774852066
USER-020,PROD-093,view,1774852540
USER-007,PROD-083,view,1774855991
USER-062,PROD-185,view,1774856237
USER-003,PROD-033,view,1774857810
USER-056,PROD-036,view,1774858729
USER-013,PROD-017,view,1774860149
USER-021,PROD-071,view,1774860171
USER-011,PROD-122,view,1774864236
USER-011,PROD-108,view,1774864770
USER-026,PROD-158,view,1774867274
USER-035,PROD-037,view,1774868451
USER-056,PROD-005,view,1774868848
USER-053,PROD-037,view,1774870303
USER-052,PROD-028,view,1774871178
USER-005,PROD-188,view,1774871645
USER-075,PROD-130,add_to_cart,1774872366
USER-007,PROD-089,view,1774873672
USER-009,PROD-043,view,1774875087
USER-028,PROD-061,view,1774875806
USER-041,PROD-059,view,1774876141
USER-075,PROD-059,view,1774876974
USER-073,PROD-095,view,1774877180
USER-048,PROD-120,add_to_cart,1774877274
USER-047,PROD-114,view,1774877955
USER-046,PROD-099,view,1774878758
USER-004,PROD-178,view,1774880829
USER-031,PROD-185,view,1774881379
USER-055,PROD-019,view,1774882123
USER-065,PROD-181,view,1774882618
USER-066,PROD-149,purchase,1774887383
USER-032,PROD-035,view,1774889768
USER-021,PROD-169,view,1774891695
USER-035,PROD-100,view,1774892740
USER-053,PROD-049,view,1774893394
USER-021,PROD-117,view,1774893414
USER-057,PROD-046,view,1774893937
USER-029,PROD-018,view,1774894544
USER-068,PROD-156,add_to_cart,1774895219
USER-018,PROD-009,view,1774896764
USER-002,PROD-106,view,1774897253
USER-034,PROD-012,view,1774899821
USER-075,PROD-059,view,1774903144
USER-057,PROD-069,view,1774905484
USER-072,PROD-177,view,1774905892
USER-021,PROD-175,view,1774906353
USER-005,PROD-054,view,1774907129
USER-072,PROD-191,view,1774908478
USER-014,PROD-125,view,1774909051
USER-062,PROD-020,view,1774909858
USER-012,PROD-062,add_to_cart,1774910314
USER-070,PROD-188,view,1774910491
USER-037,PROD-053,view,1774911017
USER-035,PROD-161,view,1774912986
USER-015,PROD-149,add_to_cart,1774913047
USER-026,PROD-132,add_to_cart,1774914192
USER-069,PROD-002,view,1774914210
USER-051,PROD-082,view,1774915127
USER-066,PROD-156,view,1774915378
USER-057,PROD-070,view,1774915440
USER-068,PROD-084,view,1774917078
USER-047,PROD-023,view,1774921683
USER-048,PROD-097,view,1774923307
USER-004,PROD-080,view,1774923652
USER-008,PROD-118,view,1774924590
USER-021,PROD-171,view,1774925002
USER-008,PROD-059,add_to_cart,1774926791
USER-005,PROD-003,view,1774928094
USER-031,PROD-191,view,1774928115
USER-053,PROD-059,view,1774928394
USER-001,PROD-033,view,1774928769
USER-032,PROD-110,view,1774931198
USER-023,PROD-152,view,1774933275
USER-024,PROD-032,add_to_cart,1774937687
USER-018,PROD-077,view,1774938236
USER-016,PROD-112,add_to_cart,1774938442
USER-024,PROD-098,view,1774939434
USER-050,PROD-191,add_to_cart,1774940523
USER-038,PROD-125,purchase,1774941319
USER-043,PROD-200,add_to_cart,1774943536
USER-041,PROD-195,view,1774944733
USER-015,PROD-050,view,1774944936
USER-004,PROD-040,view,1774945716
USER-011,PROD-164,view,1774946123
USER-017,PROD-171,view,1774946708
USER-039,PROD-097,view,1774947047
USER-003,PROD-056,view,1774948266
USER-032,PROD-091,view,1774948280
USER-011,PROD-102,view,1774948360
USER-044,PROD-041,view,1774950265
USER-061,PROD-130,view,1774953265
USER-069,PROD-132,view,1774953993
USER-047,PROD-188,view,1774956473
USER-010,PROD-017,view,1774957129
USER-074,PROD-018,add_to_cart,1774957957
USER-044,PROD-065,view,1774959021
USER-071,PROD-024,view,1774959710
USER-004,PROD-050,view,1774959967
USER-065,PROD-091,add_to_cart,1774960343
USER-047,PROD-050,view,1774963427
USER-067,PROD-070,view,1774963548
USER-029,PROD-074,view,1774964767
USER-053,PROD-066,view,1774964777
USER-022,PROD-165,view,1774965494
USER-014,PROD-103,view,1774967248
USER-061,PROD-161,view,1774967604
USER-006,PROD-011,view,1774967641
USER-040,PROD-094,view,1774967840
USER-070,PROD-192,view,1774968055
USER-017,PROD-166,view,1774969131
USER-040,PROD-017,view,1774969578
USER-016,PROD-087,add_to_cart,1774969983
USER-060,PROD-151,view,1774969986
USER-021,PROD-071,add_to_cart,1774970061
USER-074,PROD-143,add_to_cart,1774970611
USER-006,PROD-023,view,1774970832
USER-020,PROD-039,view,1774971620
USER-032,PROD-075,view,1774971705
USER-060,PROD-010,purchase,1774972038
USER-049,PROD-171,purchase,1774974394
USER-036,PROD-088,view,1774974802
USER-062,PROD-191,add_to_cart,1774975197
USER-041,PROD-036,add_to_cart,1774975837
USER-017,PROD-163,view,1774977981
USER-048,PROD-072,view,1774978128
USER-057,PROD-114,add_to_cart,1774978152
USER-075,PROD-073,purchase,1774979181
USER-026,PROD-026,view,1774979310
USER-022,PROD-102,view,1774979704
USER-062,PROD-025,view,1774982547
USER-050,PROD-061,add_to_cart,1774984475
USER-009,PROD-082,view,1774985090
USER-073,PROD-197,view,1774985363
USER-009,PROD-191,view,1774985421
USER-054,PROD-101,add_to_cart,1774985980
USER-001,PROD-096,view,1774986273
USER-057,PROD-020,view,1774987440
USER-014,PROD-110,view,1774988627
USER-031,PROD-010,view,1774989495
USER-025,PROD-092,view,1774991769
USER-015,PROD-105,view,1774992362
USER-033,PROD-178,view,1774993183
USER-041,PROD-073,view,1774994705
USER-048,PROD-027,view,1774994902
USER-046,PROD-023,view,1774995654
USER-047,PROD-122,view,1774995804
USER-009,PROD-034,view,1774997136
USER-062,PROD-099,view,1774997964
USER-031,PROD-163,view,1774998605
USER-023,PROD-074,view,1775001461
USER-034,PROD-049,add_to_cart,1775002194
USER-024,PROD-080,add_to_cart,1775004702
USER-052,PROD-001,view,1775005402
USER-014,PROD-116,view,1775005817
USER-023,PROD-200,view,1775005889
USER-019,PROD-163,view,1775010904
USER-010,PROD-084,view,1775010916
USER-064,PROD-071,add_to_cart,1775011354
USER-034,PROD-041,add_to_cart,1775011654
USER-031,PROD-168,view,1775011835
USER-050,PROD-172,add_to_cart,1775012779
USER-008,PROD-102,view,1775012822
USER-037,PROD-061,view,1775014358
USER-053,PROD-041,view,1775014711
USER-056,PROD-086,view,1775015452
USER-021,PROD-072,view,1775015939
USER-034,PROD-126,view,1775016437
USER-015,PROD-044,view,1775017484
USER-041,PROD-022,view,1775018756
USER-043,PROD-052,add_to_cart,1775022076
USER-038,PROD-120,view,1775023526
USER-063,PROD-123,view,1775025227
USER-049,PROD-175,view,1775025372
USER-001,PROD-131,view,1775026408
USER-070,PROD-018,view,1775027416
USER-031,PROD-169,view,1775027787
USER-036,PROD-155,view,1775030433
USER-052,PROD-113,add_to_cart,1775031486
USER-054,PROD-170,view,1775031505
USER-005,PROD-087,view,1775032178
USER-015,PROD-044,view,1775033849
USER-014,PROD-107,view,1775036783
USER-062,PROD-106,purchase,1775038113
USER-047,PROD-176,view,1775039248
USER-023,PROD-075,purchase,1775039426
USER-016,PROD-034,add_to_cart,1775040597
USER-051,PROD-158,purchase,1775042193
USER-004,PROD-068,view,1775043871
USER-031,PROD-029,view,1775044330
USER-022,PROD-164,view,1775044572
USER-027,PROD-047,view,1775046119
USER-072,PROD-134,view,1775046681
USER-062,PROD-086,add_to_cart,1775046689
USER-032,PROD-071,view,1775047410
USER-074,PROD-174,add_to_cart,1775047941
USER-023,PROD-174,add_to_cart,1775048151
USER-003,PROD-083,view,1775048656
USER-052,PROD-044,view,1775050347
USER-027,PROD-009,view,1775051818
USER-051,PROD-117,view,1775052400
USER-061,PROD-105,purchase,1775053608
USER-056,PROD-105,view,1775054592
USER-069,PROD-006,view,1775055353
USER-008,PROD-118,view,1775055666
USER-034,PROD-002,view,1775057337
USER-070,PROD-035,view,1775061545
USER-042,PROD-156,view,1775061632
USER-074,PROD-134,view,1775061725
USER-072,PROD-165,view,1775062866
USER-048,PROD-084,view,1775066553
USER-001,PROD-143,view,1775068159
USER-033,PROD-111,view,1775068161
USER-027,PROD-065,view,1775068880
USER-002,PROD-046,view,1775069290
USER-061,PROD-161,view,1775069593
USER-021,PROD-109,view,1775070045
USER-047,PROD-182,view,1775072097
USER-016,PROD-007,view,1775073038
USER-051,PROD-029,view,1775073272
USER-019,PROD-063,view,1775073462
USER-014,PROD-089,add_to_cart,1775074397
USER-072,PROD-171,view,1775074955
USER-027,PROD-059,view,1775076213
USER-047,PROD-148,view,1775076643
USER-024,PROD-170,view,1775076649
USER-071,PROD-009,view,1775077477
USER-004,PROD-161,view,1775077805
USER-014,PROD-070,purchase,1775080408
USER-058,PROD-171,add_to_cart,1775081088
USER-040,PROD-138,view,1775081577
USER-048,PROD-105,view,1775083203
USER-026,PROD-168,add_to_cart,1775083925
USER-058,PROD-112,view,1775084643
USER-060,PROD-019,view,1775085040
USER-040,PROD-089,view,1775085696
USER-010,PROD-030,add_to_cart,1775085801
USER-065,PROD-143,view,1775086244
USER-053,PROD-063,add_to_cart,1775089098
USER-007,PROD-100,view,1775089615
USER-012,PROD-140,view,1775090032
USER-058,PROD-077,view,1775091084
USER-020,PROD-079,view,1775093934
USER-058,PROD-061,view,1775094137
USER-059,PROD-053,view,1775094657
USER-032,PROD-086,view,1775095683
USER-037,PROD-059,view,1775096175
USER-048,PROD-038,add_to_cart,1775098071
USER-060,PROD-142,view,1775098754
USER-006,PROD-144,view,1775099987
USER-063,PROD-182,view,1775102333
USER-068,PROD-154,view,1775102692
USER-039,PROD-082,view,1775106094
USER-007,PROD-138,add_to_cart,1775106790
USER-053,PROD-053,view,1775108321
USER-035,PROD-053,add_to_cart,1775109660
USER-055,PROD-104,view,1775110068
USER-062,PROD-086,purchase,1775110757
USER-042,PROD-108,view,1775111166
USER-049,PROD-027,view,1775111664
USER-001,PROD-079,add_to_cart,1775112118
USER-017,PROD-143,view,1775113162
USER-057,PROD-059,view,1775113662
USER-015,PROD-159,add_to_cart,1775113926
USER-032,PROD-046,view,1775114259
USER-044,PROD-198,view,1775114800
USER-059,PROD-129,view,1775118061
USER-016,PROD-014,add_to_cart,1775118704
USER-001,PROD-115,view,1775119210
USER-040,PROD-006,view,1775123159
USER-036,PROD-130,view,1775123350
USER-008,PROD-132,purchase,1775125288
USER-065,PROD-037,view,1775125542
USER-045,PROD-138,view,1775126200
USER-027,PROD-139,view,1775128767
USER-052,PROD-016,view,1775133636
USER-041,PROD-165,view,1775136219
USER-018,PROD-099,view,1775136700
USER-005,PROD-180,view,1775136882
USER-014,PROD-100,view,1775137248
USER-015,PROD-124,view,1775138567
USER-070,PROD-061,view,1775139424
USER-064,PROD-153,view,1775139664
USER-063,PROD-156,view,1775140558
USER-024,PROD-009,view,1775141612
USER-053,PROD-050,view,1775141643
USER-043,PROD-011,view,1775141727
USER-030,PROD-125,view,1775141785
USER-040,PROD-050,purchase,1775142940
USER-023,PROD-093,add_to_cart,1775146014
USER-040,PROD-134,view,1775147576
USER-068,PROD-090,view,1775147635
USER-033,PROD-028,view,1775147769
USER-037,PROD-091,view,1775148773
USER-067,PROD-014,purchase,1775149512
USER-055,PROD-023,add_to_cart,1775150562
USER-031,PROD-003,view,1775152139
USER-027,PROD-057,view,1775153259
USER-015,PROD-146,view,1775153649
USER-022,PROD-072,view,1775153651
USER-006,PROD-076,view,1775154159
USER-017,PROD-139,view,1775158681
USER-012,PROD-169,view,1775159189
USER-031,PROD-174,view,1775159633
USER-013,PROD-048,view,1775159839
USER-073,PROD-049,add_to_cart,1775160501
USER-016,PROD-107,view,1775163896
USER-031,PROD-063,view,1775164341
USER-002,PROD-043,view,1775164629
USER-036,PROD-167,view,1775164797
USER-027,PROD-071,view,1775165469
USER-048,PROD-091,view,1775165832
USER-051,PROD-104,view,1775165943
USER-055,PROD-053,view,1775166401
USER-067,PROD-028,view,1775169805
USER-011,PROD-082,view,1775171900
USER-068,PROD-177,view,1775178055
USER-060,PROD-129,view,1775179635
USER-042,PROD-019,view,1775180182
USER-052,PROD-107,view,1775180573
USER-050,PROD-156,view,1775180670
USER-023,PROD-100,view,1775181920
USER-053,PROD-154,add_to_cart,1775182714
USER-015,PROD-069,view,1775182897
USER-025,PROD-137,view,1775184279
USER-028,PROD-168,view,1775184511
USER-070,PROD-062,view,1775186523
USER-055,PROD-057,view,1775186909
USER-061,PROD-119,view,1775187395
USER-012,PROD-048,view,1775187751
USER-049,PROD-132,add_to_cart,1775188180
USER-070,PROD-052,view,1775191356
USER-033,PROD-023,view,1775192635
USER-066,PROD-190,view,1775194567
USER-016,PROD-026,view,1775195043
USER-063,PROD-143,view,1775195374
USER-036,PROD-065,add_to_cart,1775195922
USER-060,PROD-085,view,1775198348
USER-041,PROD-077,view,1775201598
USER-026,PROD-004,view,1775201955
USER-070,PROD-192,view,1775202677
USER-072,PROD-133,view,1775204237
USER-022,PROD-141,view,1775204297
USER-055,PROD-016,view,1775205473
USER-012,PROD-025,view,1775205606
USER-048,PROD-110,view,1775206915
USER-048,PROD-055,view,1775206930
USER-027,PROD-058,view,1775207157
USER-072,PROD-042,view,1775207783
USER-012,PROD-039,view,1775210259
USER-052,PROD-126,view,1775211160
USER-023,PROD-184,view,1775211224
USER-020,PROD-139,view,1775211249
USER-023,PROD-161,view,1775212245
USER-048,PROD-130,view,1775213480
USER-059,PROD-200,view,1775216909
USER-034,PROD-110,view,1775218023
USER-017,PROD-086,view,1775221696
USER-042,PROD-188,view,1775221901
USER-011,PROD-174,view,1775222302
USER-003,PROD-060,view,1775223653
USER-022,PROD-052,view,1775224185
USER-033,PROD-072,view,1775226356
USER-039,PROD-026,view,1775226467
USER-028,PROD-138,add_to_cart,1775227218
USER-070,PROD-056,view,1775229946
USER-075,PROD-198,view,1775231840
USER-045,PROD-074,purchase,1775232015
USER-073,PROD-007,add_to_cart,1775232713
USER-035,PROD-186,view,1775233033
USER-026,PROD-154,view,1775233131
USER-002,PROD-157,view,1775233994
USER-034,PROD-053,view,1775234761
USER-064,PROD-137,view,1775238315
USER-023,PROD-189,view,1775239024
USER-040,PROD-181,view,1775239249
USER-014,PROD-071,view,1775240018
USER-036,PROD-074,view,1775240040
USER-017,PROD-121,view,1775240213
USER-033,PROD-050,view,1775240742
USER-012,PROD-028,add_to_cart,1775242699
USER-057,PROD-141,view,1775244440
USER-043,PROD-109,view,1775244865
USER-047,PROD-108,view,1775244968
USER-055,PROD-148,purchase,1775244986
USER-028,PROD-051,view,1775245089
USER-026,PROD-145,view,1775245397
USER-055,PROD-012,view,1775245481
USER-004,PROD-014,view,1775247190
USER-059,PROD-019,view,1775249436
USER-053,PROD-057,add_to_cart,1775250435
USER-060,PROD-168,view,1775250730
USER-001,PROD-113,add_to_cart,1775251863
USER-067,PROD-127,view,1775253891
USER-020,PROD-001,view,1775254385
USER-025,PROD-074,view,1775254491
USER-007,PROD-172,view,1775258027
USER-062,PROD-078,view,1775258477
USER-044,PROD-180,view,1775259834
USER-009,PROD-020,view,1775260227
USER-074,PROD-121,view,1775261564
USER-041,PROD-036,view,1775263105
USER-067,PROD-182,add_to_cart,1775263622
USER-029,PROD-177,add_to_cart,1775263921
USER-002,PROD-151,view,1775264734
USER-030,PROD-103,add_to_cart,1775265579
USER-034,PROD-136,view,1775266520
USER-072,PROD-173,view,1775266861
USER-001,PROD-001,view,1775267894
USER-061,PROD-108,view,1775267917
USER-019,PROD-061,view,1775269631
USER-005,PROD-145,add_to_cart,1775270467
USER-066,PROD-029,view,1775270513
USER-015,PROD-123,view,1775270908
USER-070,PROD-053,view,1775272021
USER-040,PROD-037,view,1775272202
USER-067,PROD-095,add_to_cart,1775272259
USER-054,PROD-147,view,1775275840
USER-008,PROD-082,view,1775275941
USER-027,PROD-075,view,1775275996
USER-017,PROD-158,add_to_cart,1775276308
USER-066,PROD-050,view,1775276378
USER-070,PROD-192,add_to_cart,1775278748
USER-069,PROD-167,view,1775279361
USER-020,PROD-043,view,1775280319
USER-024,PROD-048,view,1775280387
USER-055,PROD-024,view,1775281736
USER-026,PROD-195,add_to_cart,1775282804
USER-049,PROD-067,view,1775283173
USER-027,PROD-138,view,1775284260
USER-056,PROD-045,view,1775285052
USER-027,PROD-074,view,1775287001
USER-021,PROD-114,add_to_cart,1775288424
USER-053,PROD-060,view,1775288902
USER-001,PROD-143,view,1775290092
USER-022,PROD-129,purchase,1775290099
USER-012,PROD-052,purchase,1775291578
USER-005,PROD-181,view,1775291726
USER-054,PROD-026,view,1775295038
USER-010,PROD-014,view,1775297821
USER-028,PROD-094,purchase,1775298521
USER-063,PROD-186,view,1775303118
USER-033,PROD-010,view,1775303149
USER-075,PROD-035,view,1775305889
USER-071,PROD-016,view,1775306616
USER-042,PROD-083,view,1775306655
USER-022,PROD-042,view,1775307681
USER-037,PROD-173,view,1775308806
USER-037,PROD-076,view,1775309875
USER-059,PROD-058,view,1775310857
USER-012,PROD-101,view,1775311163
USER-036,PROD-191,view,1775311686
USER-042,PROD-041,view,1775312720
USER-068,PROD-071,add_to_cart,1775314211
USER-048,PROD-085,add_to_cart,1775314273
USER-049,PROD-030,add_to_cart,1775315333
USER-012,PROD-104,purchase,1775315539
USER-040,PROD-178,view,1775315866
USER-062,PROD-199,view,1775317139
USER-038,PROD-060,view,1775317552
USER-075,PROD-171,view,1775320471
USER-054,PROD-141,add_to_cart,1775324598
USER-063,PROD-095,add_to_cart,1775324919
USER-017,PROD-156,view,1775325909
USER-033,PROD-068,view,1775326496
USER-074,PROD-136,view,1775326703
USER-014,PROD-051,purchase,1775326813
USER-020,PROD-059,view,1775333970
USER-045,PROD-110,view,1775334260
USER-032,PROD-097,view,1775335436
USER-014,PROD-110,view,1775335510
USER-072,PROD-192,view,1775335746
USER-024,PROD-148,add_to_cart,1775336457
USER-006,PROD-149,view,1775337494
USER-033,PROD-110,purchase,1775337966
USER-057,PROD-166,add_to_cart,1775338764
USER-032,PROD-105,view,1775338997
USER-031,PROD-174,view,1775339906
USER-028,PROD-033,add_to_cart,1775341262
USER-024,PROD-163,view,1775341348
USER-068,PROD-098,view,1775342463
USER-005,PROD-176,view,1775343038
USER-051,PROD-027,view,1775343313
USER-047,PROD-114,view,1775343409
USER-071,PROD-006,view,1775343541
USER-016,PROD-123,add_to_cart,1775344301
USER-032,PROD-123,view,1775344334
USER-013,PROD-016,view,1775344365
USER-019,PROD-106,view,1775344908
USER-046,PROD-116,view,1775345150
USER-022,PROD-034,view,1775345152
USER-069,PROD-138,view,1775345527
USER-072,PROD-067,view,1775347786
USER-027,PROD-192,view,1775349862
USER-033,PROD-139,view,1775352084
USER-061,PROD-156,view,1775353782
USER-019,PROD-078,view,1775354181
USER-050,PROD-178,view,1775354384
USER-002,PROD-145,view,1775356012
USER-051,PROD-020,view,1775356709
USER-002,PROD-010,view,1775356780
USER-053,PROD-187,view,1775357080
USER-047,PROD-139,view,1775357588
USER-013,PROD-123,view,1775360669
USER-029,PROD-080,view,1775360947
USER-040,PROD-118,view,1775361383
USER-041,PROD-014,view,1775361948
USER-070,PROD-099,view,1775362595
USER-021,PROD-165,view,1775362680
USER-025,PROD-134,view,1775363154
USER-036,PROD-100,view,1775364166
USER-035,PROD-100,view,1775365426
USER-045,PROD-103,add_to_cart,1775366212
USER-013,PROD-089,view,1775366649
USER-004,PROD-093,view,1775367098
USER-044,PROD-183,purchase,1775369485
USER-046,PROD-082,view,1775370529
USER-011,PROD-192,view,1775372615
USER-013,PROD-071,view,1775372669
USER-029,PROD-047,view,1775372748
USER-045,PROD-193,view,1775372892
USER-065,PROD-145,view,1775372981
USER-006,PROD-079,view,1775373967
USER-008,PROD-176,view,1775374431
USER-026,PROD-137,add_to_cart,1775376676
USER-037,PROD-178,view,1775377713
USER-063,PROD-128,add_to_cart,1775377751
USER-066,PROD-069,view,1775380676
USER-020,PROD-100,add_to_cart,1775380841
USER-002,PROD-036,add_to_cart,1775384124
USER-068,PROD-189,view,1775385280
USER-024,PROD-083,view,1775385492
USER-073,PROD-121,add_to_cart,1775385803
USER-047,PROD-139,view,1775386898
USER-074,PROD-142,view,1775387142
USER-067,PROD-114,view,1775390058
USER-032,PROD-088,view,1775392753
USER-014,PROD-102,view,1775393467
USER-059,PROD-035,view,1775393815
USER-039,PROD-134,add_to_cart,1775395801
USER-034,PROD-003,view,1775396228
USER-070,PROD-026,view,1775396614
USER-048,PROD-104,view,1775396652
USER-061,PROD-106,view,1775396780
USER-068,PROD-029,view,1775396945
USER-010,PROD-014,view,1775397046
USER-064,PROD-011,add_to_cart,1775398222
USER-010,PROD-012,view,1775399548
USER-025,PROD-049,view,1775403289
USER-023,PROD-171,add_to_cart,1775403358
USER-051,PROD-082,view,1775404294
USER-040,PROD-192,view,1775408316
USER-039,PROD-080,view,1775409480
USER-002,PROD-156,view,1775411073
USER-025,PROD-200,view,1775411715
USER-031,PROD-028,view,1775413277
USER-048,PROD-125,view,1775414661
USER-073,PROD-100,view,1775414939
USER-009,PROD-161,view,1775418206
USER-011,PROD-159,add_to_cart,1775418937
USER-007,PROD-025,view,1775422151
USER-013,PROD-184,view,1775422536
USER-013,PROD-031,view,1775422625
USER-008,PROD-092,view,1775422976
USER-046,PROD-014,view,1775423771
USER-007,PROD-190,view,1775424968
USER-072,PROD-168,view,1775425028
USER-033,PROD-023,view,1775425218
USER-073,PROD-043,view,1775425335
USER-018,PROD-102,view,1775427826
USER-036,PROD-175,view,1775428084
USER-072,PROD-135,view,1775429255
USER-027,PROD-056,view,1775430232
USER-020,PROD-145,view,1775431591
USER-011,PROD-171,view,1775433800
USER-010,PROD-086,view,1775435470
USER-063,PROD-057,view,1775438368
USER-061,PROD-122,add_to_cart,1775438520
USER-010,PROD-149,view,1775438581
USER-065,PROD-185,view,1775439424
USER-019,PROD-077,purchase,1775439795
USER-045,PROD-128,add_to_cart,1775439970
USER-073,PROD-155,view,1775440261
USER-051,PROD-024,view,1775441004
USER-009,PROD-002,view,1775442281
USER-069,PROD-008,view,1775442655
USER-031,PROD-179,view,1775444196
USER-030,PROD-170,add_to_cart,1775446194
USER-049,PROD-114,view,1775447854
USER-007,PROD-019,view,1775449181
USER-075,PROD-133,add_to_cart,1775451495
USER-012,PROD-010,view,1775452414
USER-045,PROD-093,view,1775453412
USER-024,PROD-092,purchase,1775454229
USER-069,PROD-165,view,1775455299
USER-040,PROD-176,view,1775456913
USER-065,PROD-047,view,1775457647
USER-053,PROD-066,view,1775458549
USER-045,PROD-112,view,1775458901
USER-058,PROD-048,view,1775459455
USER-019,PROD-076,view,1775460223
USER-047,PROD-125,view,1775460729
USER-039,PROD-156,view,1775461238
USER-027,PROD-045,add_to_cart,1775461720
USER-067,PROD-017,view,1775462242
USER-020,PROD-117,view,1775462843
USER-068,PROD-162,view,1775465482
USER-037,PROD-143,view,1775465836
USER-020,PROD-140,view,1775466601
USER-064,PROD-180,view,1775467742
USER-068,PROD-174,view,1775469598
USER-059,PROD-178,view,1775471381
USER-026,PROD-027,view,1775471866
USER-030,PROD-107,view,1775472751
USER-059,PROD-159,view,1775473565
USER-069,PROD-052,view,1775476425
USER-028,PROD-001,view,1775477158
USER-052,PROD-086,view,1775477875
USER-057,PROD-076,view,1775478822
USER-055,PROD-099,view,1775478848
USER-038,PROD-012,view,1775481957
USER-026,PROD-013,purchase,1775482578
USER-009,PROD-096,add_to_cart,1775483057
USER-015,PROD-168,add_to_cart,1775485327
USER-051,PROD-013,view,1775485392
USER-030,PROD-151,view,1775487388
USER-017,PROD-156,view,1775489931
USER-034,PROD-147,view,1775489974
USER-073,PROD-191,view,1775490537
USER-021,PROD-186,view,1775492136
USER-022,PROD-061,view,1775492677
USER-017,PROD-101,view,1775493479
USER-055,PROD-023,view,1775494934
USER-016,PROD-133,view,1775495912
USER-031,PROD-174,view,1775496552
USER-048,PROD-001,view,1775498046
USER-013,PROD-090,view,1775498105
USER-002,PROD-179,view,1775498687
USER-013,PROD-105,view,1775500416
USER-026,PROD-137,view,1775500488
USER-066,PROD-184,add_to_cart,1775501512
USER-050,PROD-189,add_to_cart,1775503003
USER-043,PROD-190,view,1775506319
USER-071,PROD-111,view,1775506544
USER-050,PROD-151,view,1775507255
USER-001,PROD-033,add_to_cart,1775507570
USER-039,PROD-084,view,1775508245
USER-035,PROD-086,view,1775510968
USER-040,PROD-087,view,1775512255
USER-042,PROD-108,view,1775512699
USER-015,PROD-147,view,1775512994
USER-029,PROD-116,view,1775514003
USER-015,PROD-084,purchase,1775517519
USER-013,PROD-140,view,1775518089
USER-025,PROD-184,add_to_cart,1775518765
USER-030,PROD-020,add_to_cart,1775519212
USER-063,PROD-108,view,1775521116
USER-053,PROD-184,view,1775522453
USER-053,PROD-049,view,1775523473
USER-070,PROD-041,view,1775523892
USER-017,PROD-135,view,1775525445
USER-071,PROD-170,view,1775526975
USER-041,PROD-078,view,1775528312
USER-013,PROD-028,add_to_cart,1775529916
USER-005,PROD-147,view,1775529945
USER-025,PROD-036,add_to_cart,1775530507
USER-017,PROD-037,view,1775530517
USER-002,PROD-169,view,1775535871
USER-012,PROD-084,view,1775537237
USER-046,PROD-023,view,1775539072
USER-025,PROD-155,view,1775540110
USER-023,PROD-169,view,1775540947
USER-055,PROD-015,view,1775542785
USER-010,PROD-003,view,1775543366
USER-063,PROD-133,view,1775543783
USER-017,PROD-092,add_to_cart,1775546059
USER-064,PROD-007,view,1775546122
USER-073,PROD-023,view,1775546657
USER-002,PROD-133,view,1775547815
USER-001,PROD-078,view,1775548468
USER-054,PROD-100,view,1775551453
USER-059,PROD-047,add_to_cart,1775552757
USER-029,PROD-171,view,1775553018
USER-046,PROD-052,view,1775553486
USER-030,PROD-171,view,1775555146
USER-020,PROD-058,view,1775556149
USER-025,PROD-105,view,1775556495
USER-073,PROD-086,add_to_cart,1775557503
USER-043,PROD-195,view,1775558010
USER-029,PROD-160,view,1775559766
USER-045,PROD-136,purchase,1775559935
USER-066,PROD-040,add_to_cart,1775560829
USER-071,PROD-130,add_to_cart,1775561186
USER-026,PROD-078,view,1775564805
USER-031,PROD-024,add_to_cart,1775568138
USER-058,PROD-167,view,1775568930
USER-001,PROD-018,add_to_cart,1775569154
USER-038,PROD-051,view,1775569922
USER-039,PROD-095,view,1775570076
USER-020,PROD-021,view,1775571475
USER-026,PROD-134,view,1775572350
USER-057,PROD-016,view,1775574833
USER-066,PROD-063,view,1775576195
USER-044,PROD-038,view,1775577114
USER-051,PROD-084,view,1775577253
USER-010,PROD-153,view,1775579458
USER-064,PROD-065,view,1775583534
USER-025,PROD-162,view,1775584936
USER-057,PROD-105,view,1775587168
USER-064,PROD-152,view,1775588001
USER-002,PROD-133,view,1775588214
USER-070,PROD-030,view,1775592352
USER-005,PROD-196,add_to_cart,1775593376
USER-047,PROD-019,view,1775596498
USER-001,PROD-040,view,1775596558
USER-070,PROD-063,view,1775596691
USER-003,PROD-068,view,1775596808
USER-057,PROD-044,view,1775597249
USER-044,PROD-060,view,1775598566
USER-042,PROD-155,view,1775599310
USER-021,PROD-172,view,1775601406
USER-060,PROD-013,view,1775601803
USER-028,PROD-022,view,1775602568
USER-017,PROD-133,view,1775602699
USER-001,PROD-104,view,1775602939
USER-034,PROD-176,add_to_cart,1775605661
USER-056,PROD-157,add_to_cart,1775606121
USER-071,PROD-009,view,1775606985
USER-010,PROD-013,purchase,1775607374
USER-074,PROD-102,view,1775610158
USER-065,PROD-073,view,1775610238
USER-040,PROD-023,view,1775610436
USER-003,PROD-021,view,1775615469
USER-005,PROD-098,view,1775616628
USER-069,PROD-030,view,1775617038
USER-057,PROD-192,view,1775619433
USER-055,PROD-099,view,1775622616
USER-045,PROD-137,view,1775623103
USER-019,PROD-025,view,1775623390
USER-023,PROD-160,add_to_cart,1775625352
USER-067,PROD-196,view,1775626399
USER-053,PROD-179,view,1775626497
USER-012,PROD-139,add_to_cart,1775628908
USER-020,PROD-123,view,1775628947
USER-003,PROD-056,view,1775629620
USER-074,PROD-145,view,1775631515
USER-033,PROD-101,view,1775631815
USER-028,PROD-161,view,1775632698
USER-038,PROD-072,view,1775632948
USER-067,PROD-101,view,1775635353
USER-058,PROD-119,add_to_cart,1775636359
USER-054,PROD-115,view,1775637390
USER-024,PROD-176,view,1775637564
USER-069,PROD-146,view,1775638729
USER-055,PROD-103,view,1775640005
USER-028,PROD-058,view,1775640193
USER-067,PROD-114,view,1775640462
USER-026,PROD-042,view,1775641773
USER-037,PROD-091,view,1775642910
USER-061,PROD-188,view,1775643243
USER-006,PROD-081,view,1775645411
USER-063,PROD-071,view,1775646408
USER-049,PROD-056,view,1775646441
USER-039,PROD-162,view,1775646721
USER-047,PROD-135,view,1775647838
USER-024,PROD-061,view,1775648822
USER-062,PROD-058,view,1775651211
USER-032,PROD-115,add_to_cart,1775651400
USER-054,PROD-121,view,1775652632
USER-057,PROD-040,add_to_cart,1775652891
USER-011,PROD-070,view,1775654303
USER-064,PROD-085,add_to_cart,1775654932
USER-058,PROD-162,add_to_cart,1775655051
USER-039,PROD-023,view,1775655936
USER-002,PROD-049,view,1775655975
USER-067,PROD-187,view,1775656677
USER-006,PROD-079,view,1775657299
USER-039,PROD-085,purchase,1775657309
USER-028,PROD-142,view,1775658530
USER-050,PROD-155,view,1775660888
USER-043,PROD-126,view,1775661241
USER-037,PROD-038,add_to_cart,1775662201
USER-053,PROD-074,add_to_cart,1775663039
USER-032,PROD-108,view,1775663245
USER-054,PROD-021,view,1775664113
USER-040,PROD-070,view,1775665060
USER-059,PROD-187,view,1775667276
USER-038,PROD-007,view,1775667412
USER-004,PROD-121,view,1775668396
USER-015,PROD-129,view,1775668841
USER-043,PROD-049,view,1775670114
USER-075,PROD-084,view,1775671195
USER-037,PROD-158,add_to_cart,1775671952
USER-043,PROD-138,view,1775675166
USER-016,PROD-079,add_to_cart,1775675351
USER-003,PROD-069,view,1775678313
USER-023,PROD-085,view,1775681304
USER-026,PROD-147,view,1775682041
USER-043,PROD-008,view,1775682581
USER-056,PROD-096,view,1775682620
USER-063,PROD-101,add_to_cart,1775683958
USER-059,PROD-199,view,1775685394
USER-020,PROD-128,view,1775685704
USER-059,PROD-057,view,1775687882
USER-048,PROD-074,view,1775688057
USER-022,PROD-186,view,1775688721
USER-071,PROD-058,view,1775688869
USER-034,PROD-141,view,1775690203
USER-031,PROD-182,view,1775692710
USER-030,PROD-188,add_to_cart,1775693072
USER-050,PROD-187,view,1775693395
USER-025,PROD-117,view,1775694597
USER-060,PROD-017,view,1775694884
USER-055,PROD-115,view,1775695760
USER-031,PROD-029,view,1775696623
USER-006,PROD-113,view,1775696960
USER-018,PROD-097,view,1775697271
USER-025,PROD-155,purchase,1775700239
USER-053,PROD-194,view,1775700708
USER-065,PROD-130,add_to_cart,1775701143
USER-014,PROD-089,view,1775701940
USER-022,PROD-141,view,1775703215
USER-009,PROD-052,view,1775703885
USER-033,PROD-035,view,1775704223
USER-006,PROD-053,view,1775705743
USER-050,PROD-177,view,1775706531
USER-072,PROD-061,view,1775707132
USER-033,PROD-025,view,1775708985
USER-042,PROD-155,view,1775712274
USER-048,PROD-008,view,1775712278
USER-020,PROD-197,view,1775713424
USER-038,PROD-107,view,1775714548
USER-058,PROD-037,view,1775714996
USER-060,PROD-020,view,1775715087
USER-020,PROD-045,view,1775715316
USER-001,PROD-087,view,1775716038
USER-046,PROD-031,view,1775716863
USER-072,PROD-174,view,1775718585
USER-018,PROD-103,view,1775718592
USER-070,PROD-096,view,1775718875
USER-017,PROD-127,view,1775719165
USER-064,PROD-003,view,1775719454
USER-022,PROD-198,view,1775719614
USER-007,PROD-088,view,1775721329
USER-003,PROD-039,view,1775721806
USER-066,PROD-147,view,1775723787
USER-025,PROD-118,view,1775724439
USER-029,PROD-073,view,1775724751
USER-071,PROD-117,view,1775725427
USER-031,PROD-164,purchase,1775725543
USER-006,PROD-032,add_to_cart,1775728606
USER-013,PROD-036,view,1775729106
USER-066,PROD-134,view,1775732021
USER-015,PROD-147,view,1775734411
USER-002,PROD-199,view,1775734510
USER-036,PROD-160,view,1775735916
USER-017,PROD-106,view,1775736238
USER-045,PROD-076,view,1775737239
USER-068,PROD-066,view,1775739057
USER-025,PROD-168,view,1775740025
USER-016,PROD-111,view,1775743160
USER-005,PROD-150,view,1775744833
USER-016,PROD-091,view,1775748372
USER-014,PROD-141,view,1775748718
USER-051,PROD-018,view,1775749654
USER-072,PROD-085,view,1775750110
USER-055,PROD-061,view,1775751265
USER-062,PROD-178,view,1775752392
USER-019,PROD-129,view,1775752392
USER-038,PROD-008,view,1775752401
USER-072,PROD-133,view,1775752642
USER-074,PROD-139,view,1775753484
USER-071,PROD-019,view,1775754349
USER-043,PROD-065,view,1775755744
USER-029,PROD-073,view,1775756866
USER-024,PROD-070,view,1775757208
USER-074,PROD-104,view,1775757322
USER-057,PROD-187,view,1775758150
USER-002,PROD-148,view,1775758223
USER-027,PROD-084,view,1775759798
USER-011,PROD-102,view,1775759816
USER-072,PROD-027,add_to_cart,1775759862
USER-070,PROD-015,view,1775759924
USER-025,PROD-046,view,1775760151
USER-073,PROD-060,view,1775760370
USER-044,PROD-096,view,1775761217
USER-034,PROD-066,view,1775764711
USER-011,PROD-125,view,1775767964
USER-055,PROD-152,view,1775772414
USER-023,PROD-177,view,1775774025
USER-019,PROD-117,view,1775774382
USER-004,PROD-090,add_to_cart,1775776418
USER-041,PROD-043,view,1775776828
USER-014,PROD-092,view,1775778256
USER-061,PROD-162,view,1775780068
USER-075,PROD-179,view,1775781152
USER-074,PROD-135,view,1775781424
USER-043,PROD-065,view,1775782601
USER-044,PROD-052,add_to_cart,1775783082
USER-033,PROD-199,view,1775784749
USER-033,PROD-030,view,1775785312
USER-062,PROD-121,add_to_cart,1775785978
USER-031,PROD-173,view,1775788833
USER-036,PROD-063,add_to_cart,1775789858
USER-010,PROD-147,add_to_cart,1775790624
USER-049,PROD-086,view,1775790910
USER-068,PROD-089,view,1775791617
USER-044,PROD-125,view,1775791773
USER-003,PROD-085,view,1775791944
USER-063,PROD-024,view,1775793093
USER-015,PROD-136,view,1775794829
USER-050,PROD-190,view,1775794840
USER-069,PROD-150,view,1775795367
USER-053,PROD-065,view,1775795688
USER-066,PROD-187,view,1775796317
USER-034,PROD-173,view,1775797402
USER-066,PROD-119,add_to_cart,1775798152
USER-044,PROD-045,view,1775799125
USER-059,PROD-033,view,1775799825
USER-014,PROD-189,view,1775800042
USER-003,PROD-041,view,1775800242
USER-045,PROD-122,view,1775801062
USER-053,PROD-067,view,1775801477
USER-055,PROD-056,view,1775805412
USER-052,PROD-027,view,1775805417
USER-017,PROD-159,view,1775807955
USER-050,PROD-175,view,1775808236
USER-061,PROD-180,view,1775809316
USER-044,PROD-037,view,1775809726
USER-059,PROD-008,view,1775811309
USER-051,PROD-017,view,1775811403
USER-061,PROD-120,view,1775811518
USER-029,PROD-178,view,1775812022
USER-054,PROD-105,add_to_cart,1775812164
USER-053,PROD-064,view,1775813134
USER-045,PROD-027,view,1775813608
USER-051,PROD-031,view,1775813828
USER-015,PROD-155,view,1775814917
USER-003,PROD-127,view,1775815147
USER-052,PROD-081,add_to_cart,1775816625
USER-070,PROD-185,add_to_cart,1775817836
USER-037,PROD-086,view,1775818293
USER-038,PROD-079,view,1775819621
USER-075,PROD-116,add_to_cart,1775823954
USER-022,PROD-145,view,1775825242
USER-068,PROD-051,view,1775825570
USER-023,PROD-102,purchase,1775825652
USER-032,PROD-114,view,1775825886
USER-072,PROD-065,purchase,1775826102
USER-065,PROD-008,view,1775826406
USER-018,PROD-120,view,1775826820
USER-050,PROD-140,view,1775827536
USER-057,PROD-106,view,1775829572
USER-040,PROD-144,view,1775833803
USER-029,PROD-133,view,1775834299
USER-013,PROD-168,view,1775835321
USER-026,PROD-067,add_to_cart,1775835972
USER-025,PROD-034,view,1775837453
USER-045,PROD-036,view,1775838936
USER-066,PROD-180,view,1775839219
USER-003,PROD-049,view,1775841044
USER-031,PROD-038,view,1775842108
USER-012,PROD-100,view,1775842404
USER-030,PROD-105,view,1775844169
USER-074,PROD-047,view,1775847387
USER-065,PROD-109,view,1775848405
USER-071,PROD-034,view,1775849218
USER-062,PROD-034,view,1775849459
USER-066,PROD-173,view,1775850640
USER-060,PROD-028,view,1775850761
USER-072,PROD-042,view,1775852771
USER-036,PROD-175,view,1775856625
USER-063,PROD-115,add_to_cart,1775856788
USER-032,PROD-080,add_to_cart,1775857782
USER-039,PROD-011,view,1775858437
USER-039,PROD-007,view,1775858471
USER-049,PROD-167,view,1775859781
USER-036,PROD-099,view,1775862939
USER-066,PROD-060,view,1775863026
USER-047,PROD-107,view,1775864916
USER-048,PROD-086,view,1775865861
USER-014,PROD-022,view,1775867948
USER-049,PROD-057,view,1775868624
USER-054,PROD-102,view,1775868888
USER-054,PROD-105,view,1775869592
USER-020,PROD-039,view,1775869873
USER-069,PROD-084,view,1775870759
USER-042,PROD-099,view,1775872253
USER-075,PROD-154,view,1775872503
USER-071,PROD-106,view,1775872816
USER-050,PROD-157,view,1775873680
USER-004,PROD-176,add_to_cart,1775874640
USER-063,PROD-150,view,1775875045
USER-046,PROD-033,add_to_cart,1775875491
USER-036,PROD-118,view,1775876255
USER-005,PROD-194,view,1775880275
USER-008,PROD-139,view,1775881549
USER-066,PROD-117,view,1775882861
USER-027,PROD-090,add_to_cart,1775883261
USER-001,PROD-028,add_to_cart,1775883383
USER-048,PROD-153,view,1775885127
USER-021,PROD-010,view,1775885328
USER-040,PROD-013,view,1775886647
USER-056,PROD-052,add_to_cart,1775887234
USER-042,PROD-036,purchase,1775887485
USER-062,PROD-200,add_to_cart,1775887801
USER-016,PROD-173,add_to_cart,1775888998
USER-028,PROD-081,view,1775889446
USER-054,PROD-028,view,1775893122
USER-050,PROD-142,view,1775893304
USER-051,PROD-059,view,1775894684
USER-056,PROD-014,view,1775894684
USER-052,PROD-002,view,1775894737
USER-054,PROD-199,view,1775894954
USER-032,PROD-170,view,1775895861
USER-056,PROD-006,view,1775895933
USER-015,PROD-121,view,1775896190
USER-059,PROD-149,add_to_cart,1775896530
USER-072,PROD-079,view,1775897697
USER-043,PROD-200,add_to_cart,1775898006
USER-004,PROD-071,view,1775900162
USER-012,PROD-146,view,1775900257
USER-025,PROD-110,add_to_cart,1775900323
USER-036,PROD-088,purchase,1775900750
USER-058,PROD-194,add_to_cart,1775901169
USER-044,PROD-017,view,1775901312
USER-037,PROD-079,view,1775906725
USER-016,PROD-043,view,1775908853
USER-055,PROD-029,view,1775909048
USER-045,PROD-099,view,1775909422
USER-030,PROD-126,view,1775911056
USER-034,PROD-021,view,1775911387
USER-043,PROD-199,view,1775911554
USER-036,PROD-096,view,1775912360
USER-035,PROD-074,add_to_cart,1775915420
USER-066,PROD-127,view,1775917415
USER-054,PROD-193,view,1775918611
USER-003,PROD-034,view,1775918701
USER-040,PROD-185,view,1775919442
USER-056,PROD-101,view,1775921268
USER-019,PROD-141,view,1775922043
USER-057,PROD-055,view,1775923803
USER-028,PROD-108,view,1775924507
USER-027,PROD-092,view,1775925569
USER-035,PROD-034,add_to_cart,1775926334
USER-035,PROD-051,view,1775927965
USER-041,PROD-081,view,1775928413
USER-009,PROD-140,view,1775928488
USER-026,PROD-044,view,1775929167
USER-065,PROD-017,view,1775929690
USER-075,PROD-013,purchase,1775929748
USER-032,PROD-171,view,1775932745
USER-017,PROD-157,view,1775934352
USER-057,PROD-060,add_to_cart,1775934475
USER-027,PROD-086,add_to_cart,1775935613
USER-055,PROD-083,view,1775936725
USER-072,PROD-003,view,1775938860
USER-005,PROD-047,add_to_cart,1775939047
USER-045,PROD-085,view,1775939971
USER-047,PROD-123,view,1775941096
USER-010,PROD-028,view,1775941558
USER-041,PROD-136,view,1775942292
USER-049,PROD-077,add_to_cart,1775943343
USER-063,PROD-146,view,1775944009
USER-009,PROD-194,view,1775944601
USER-065,PROD-042,view,1775945388
USER-065,PROD-146,view,1775945615
USER-057,PROD-051,view,1775947073
USER-061,PROD-167,view,1775947830
USER-045,PROD-089,view,1775951721
USER-038,PROD-060,add_to_cart,1775952818
USER-075,PROD-099,view,1775953079
USER-062,PROD-006,view,1775953688
USER-045,PROD-092,view,1775953703
USER-055,PROD-190,view,1775955694
USER-054,PROD-109,view,1775957277
USER-023,PROD-192,view,1775957306
USER-028,PROD-143,view,1775958474
USER-074,PROD-056,add_to_cart,1775958812
USER-071,PROD-011,view,1775958975
USER-056,PROD-095,view,1775959322
USER-003,PROD-091,view,1775960332
USER-051,PROD-079,view,1775961902
USER-059,PROD-123,view,1775962383
USER-054,PROD-121,view,1775964408
USER-069,PROD-153,view,1775965976
USER-036,PROD-054,view,1775971249
USER-059,PROD-050,view,1775974202
USER-035,PROD-068,view,1775974337
USER-075,PROD-137,view,1775974866
USER-039,PROD-115,view,1775976043
USER-024,PROD-157,view,1775977863
USER-052,PROD-122,view,1775979189
USER-033,PROD-019,view,1775980072
USER-029,PROD-137,add_to_cart,1775980239
USER-003,PROD-175,view,1775980394
USER-060,PROD-031,add_to_cart,1775981600
USER-037,PROD-081,view,1775981994
USER-060,PROD-094,view,1775982374
USER-031,PROD-158,view,1775983231
USER-066,PROD-070,view,1775984420
USER-057,PROD-070,view,1775984730
USER-024,PROD-156,add_to_cart,1775984932
USER-033,PROD-114,view,1775985376
USER-026,PROD-179,add_to_cart,1775985666
USER-052,PROD-130,purchase,1775985875
USER-023,PROD-084,view,1775986027
USER-040,PROD-011,view,1775986106
USER-034,PROD-192,view,1775987042
USER-011,PROD-134,view,1775987262
USER-012,PROD-174,view,1775988903
USER-069,PROD-003,purchase,1775990326
USER-003,PROD-052,view,1775991535
USER-038,PROD-028,view,1775994377
USER-011,PROD-129,purchase,1775994697
USER-043,PROD-153,view,1775997175
USER-019,PROD-011,view,1775997365
USER-013,PROD-057,view,1775999771
USER-054,PROD-136,view,1776002522
USER-045,PROD-072,view,1776002969
USER-013,PROD-007,view,1776003172
USER-048,PROD-020,view,1776006559
USER-060,PROD-025,view,1776006922
USER-055,PROD-132,view,1776007486
USER-051,PROD-101,view,1776008676
USER-034,PROD-137,view,1776008811
USER-020,PROD-006,view,1776010849
USER-021,PROD-160,view,1776011486
USER-073,PROD-143,view,1776013514
USER-022,PROD-142,view,1776014579
USER-035,PROD-076,view,1776015136
USER-019,PROD-140,add_to_cart,1776016090
USER-070,PROD-048,view,1776018063
USER-043,PROD-158,view,1776019807
USER-043,PROD-050,purchase,1776020208
USER-033,PROD-148,view,1776021287
USER-031,PROD-019,view,1776024439
USER-045,PROD-136,add_to_cart,1776024533
USER-069,PROD-155,view,1776027461
USER-052,PROD-069,add_to_cart,1776028313
USER-032,PROD-129,add_to_cart,1776028836
USER-006,PROD-193,view,1776030090
USER-027,PROD-086,view,1776030497
USER-052,PROD-049,view,1776031058
USER-022,PROD-096,view,1776032969
USER-006,PROD-029,view,1776034436
USER-028,PROD-131,view,1776034919
USER-021,PROD-137,add_to_cart,1776037321
USER-069,PROD-158,purchase,1776037918
USER-069,PROD-088,view,1776039008
USER-007,PROD-169,view,1776043380
USER-073,PROD-101,purchase,1776044993
USER-021,PROD-168,view,1776045143
USER-036,PROD-157,view,1776045623
USER-068,PROD-131,view,1776046502
USER-045,PROD-136,add_to_cart,1776046779
USER-024,PROD-070,view,1776047684
USER-063,PROD-088,view,1776049084
USER-055,PROD-127,view,1776049169
USER-016,PROD-126,add_to_cart,1776052082
USER-006,PROD-159,view,1776052393
USER-032,PROD-181,view,1776053969
USER-049,PROD-061,view,1776054480
USER-001,PROD-091,view,1776054643
USER-016,PROD-091,view,1776054892
USER-001,PROD-135,view,1776055012
USER-021,PROD-097,view,1776055236
USER-031,PROD-182,view,1776055334
USER-013,PROD-079,purchase,1776055598
USER-053,PROD-067,purchase,1776056021
USER-063,PROD-097,view,1776056215
USER-023,PROD-186,view,1776056581
USER-058,PROD-047,add_to_cart,1776056779
USER-025,PROD-163,view,1776057073
USER-033,PROD-162,view,1776057590
USER-068,PROD-045,view,1776058283
USER-058,PROD-112,view,1776059470
USER-033,PROD-188,view,1776062760
USER-023,PROD-186,view,1776062952
USER-071,PROD-111,add_to_cart,1776064330
USER-036,PROD-104,view,1776066979
USER-034,PROD-108,view,1776068694
USER-001,PROD-081,view,1776070488
USER-047,PROD-032,view,1776070736
USER-007,PROD-020,view,1776071223
USER-022,PROD-138,view,1776073951
USER-058,PROD-054,view,1776074553
USER-070,PROD-039,view,1776075593
USER-028,PROD-146,view,1776075815
USER-039,PROD-061,view,1776076077
USER-038,PROD-126,view,1776078101
USER-033,PROD-035,view,1776079451
USER-026,PROD-066,view,1776080872
USER-001,PROD-037,add_to_cart,1776081792
USER-041,PROD-071,add_to_cart,1776082383
USER-055,PROD-192,view,1776083692
USER-041,PROD-018,view,1776084729
USER-075,PROD-068,view,1776086348
USER-069,PROD-136,view,1776086605
USER-053,PROD-134,view,1776086931
USER-033,PROD-161,purchase,1776087377
USER-040,PROD-191,add_to_cart,1776088312
USER-047,PROD-148,view,1776088821
USER-045,PROD-055,view,1776089789
USER-045,PROD-093,purchase,1776091539
USER-021,PROD-144,add_to_cart,1776092709
USER-023,PROD-090,view,1776092898
USER-013,PROD-111,view,1776096708
USER-011,PROD-166,view,1776099310
USER-068,PROD-098,view,1776100138
USER-054,PROD-107,view,1776101458
USER-013,PROD-042,view,1776102165
USER-009,PROD-066,purchase,1776102168
USER-058,PROD-060,add_to_cart,1776102668
USER-009,PROD-155,purchase,1776103502
USER-029,PROD-136,view,1776105573
USER-067,PROD-023,view,1776106654
USER-071,PROD-103,view,1776107079
USER-028,PROD-166,view,1776109064
USER-040,PROD-196,view,1776110156
USER-029,PROD-061,view,1776110269
USER-014,PROD-074,view,1776111319
USER-023,PROD-046,view,1776111942
USER-069,PROD-030,add_to_cart,1776112177
USER-015,PROD-065,view,1776114536
USER-045,PROD-139,view,1776114896
USER-019,PROD-137,view,1776115578
USER-064,PROD-087,view,1776116324
USER-010,PROD-083,add_to_cart,1776117482
USER-052,PROD-124,view,1776117989
USER-037,PROD-067,view,1776119730
USER-006,PROD-163,view,1776120087
USER-020,PROD-025,view,1776121610
USER-021,PROD-131,add_to_cart,1776123395
USER-002,PROD-097,view,1776124364
USER-036,PROD-185,view,1776124900
USER-074,PROD-040,view,1776125551
USER-069,PROD-131,view,1776126394
USER-016,PROD-081,view,1776127258
USER-026,PROD-050,add_to_cart,1776127332
USER-053,PROD-060,add_to_cart,1776127359
USER-066,PROD-177,view,1776129180
USER-075,PROD-200,add_to_cart,1776131291
USER-066,PROD-106,add_to_cart,1776132988
USER-065,PROD-038,view,1776133369
USER-007,PROD-037,view,1776136122
USER-039,PROD-170,view,1776136894
USER-063,PROD-062,view,1776138039
USER-020,PROD-188,view,1776138052
USER-031,PROD-003,view,1776138111
USER-063,PROD-140,view,1776138261
USER-071,PROD-145,add_to_cart,1776138560
USER-024,PROD-091,add_to_cart,1776145281
USER-071,PROD-018,view,1776150462
USER-001,PROD-037,view,1776150588
USER-069,PROD-150,view,1776152781
USER-062,PROD-016,view,1776154888
USER-003,PROD-060,view,1776155313
USER-063,PROD-131,add_to_cart,1776156614
USER-033,PROD-109,view,1776157430
USER-075,PROD-151,view,1776159434
USER-048,PROD-129,view,1776161096
USER-052,PROD-007,view,1776161760
USER-062,PROD-116,view,1776162347
USER-004,PROD-102,view,1776162688
USER-018,PROD-170,purchase,1776164064
USER-046,PROD-055,view,1776164598
USER-065,PROD-012,view,1776166422
USER-046,PROD-063,view,1776167343
USER-053,PROD-056,add_to_cart,1776168712
USER-025,PROD-186,view,1776168963
USER-029,PROD-080,view,1776169257
USER-042,PROD-094,view,1776170358
USER-023,PROD-077,view,1776171414
USER-019,PROD-138,view,1776172793
USER-005,PROD-049,view,1776173842
USER-042,PROD-061,view,1776174360
USER-055,PROD-068,view,1776174945
USER-041,PROD-043,view,1776174960
USER-017,PROD-110,view,1776175365
USER-042,PROD-183,view,1776175675
USER-001,PROD-012,view,1776176373
USER-043,PROD-162,add_to_cart,1776176925
USER-014,PROD-043,add_to_cart,1776178056
USER-055,PROD-198,view,1776178989
USER-056,PROD-106,view,1776179313
USER-063,PROD-091,view,1776179765
USER-072,PROD-072,view,1776179921
USER-006,PROD-138,view,1776180145
USER-068,PROD-095,view,1776181089
USER-008,PROD-114,view,1776182932
USER-016,PROD-010,view,1776183839
USER-061,PROD-180,view,1776185191
USER-075,PROD-137,view,1776186687
USER-041,PROD-091,view,1776187084
USER-016,PROD-076,add_to_cart,1776188751
USER-015,PROD-047,add_to_cart,1776191870
USER-075,PROD-026,view,1776192424
USER-057,PROD-108,view,1776192924
USER-009,PROD-180,add_to_cart,1776195239
USER-068,PROD-095,view,1776195670
USER-017,PROD-124,purchase,1776196598
USER-029,PROD-149,add_to_cart,1776196780
USER-021,PROD-184,view,1776197232
USER-015,PROD-129,view,1776198904
USER-060,PROD-009,view,1776200027
USER-025,PROD-084,view,1776200398
USER-061,PROD-160,view,1776201257
USER-047,PROD-039,purchase,1776202373
USER-020,PROD-106,view,1776204008
USER-062,PROD-139,view,1776204533
USER-069,PROD-016,view,1776204629
USER-067,PROD-109,view,1776205133
USER-006,PROD-049,view,1776205573
USER-001,PROD-055,add_to_cart,1776205731
USER-026,PROD-032,view,1776206031
USER-042,PROD-036,view,1776206876
USER-050,PROD-068,view,1776208313
USER-008,PROD-033,view,1776209046
USER-025,PROD-100,add_to_cart,1776211436
USER-037,PROD-043,view,1776212851
USER-020,PROD-046,view,1776213657
USER-039,PROD-166,view,1776215596
USER-001,PROD-006,view,1776217513
USER-033,PROD-166,add_to_cart,1776220790
USER-032,PROD-093,view,1776221008
USER-004,PROD-038,add_to_cart,1776221202
USER-059,PROD-009,view,1776221258
USER-012,PROD-026,add_to_cart,1776223546
USER-030,PROD-164,view,1776224025
USER-066,PROD-127,view,1776224043
USER-075,PROD-028,view,1776224979
USER-063,PROD-081,view,1776225832
USER-004,PROD-173,view,1776226311
USER-063,PROD-104,view,1776226623
USER-009,PROD-147,view,1776227479
USER-026,PROD-017,view,1776228408
USER-020,PROD-080,view,1776229950
USER-075,PROD-073,view,1776231891
USER-015,PROD-060,purchase,1776232615
USER-062,PROD-174,view,1776233194
USER-060,PROD-033,purchase,1776233247
USER-037,PROD-079,view,1776233799
USER-033,PROD-009,view,1776234822
USER-067,PROD-100,purchase,1776234894
USER-012,PROD-017,view,1776234962
USER-054,PROD-153,add_to_cart,1776236232
USER-018,PROD-128,view,1776236515
USER-069,PROD-139,view,1776236550
USER-041,PROD-071,view,1776238316
USER-020,PROD-036,view,1776240601
USER-047,PROD-146,view,1776241365
USER-069,PROD-008,view,1776241832
USER-025,PROD-118,view,1776242303
USER-052,PROD-108,view,1776242606
USER-053,PROD-037,view,1776245497
USER-030,PROD-130,view,1776245771
USER-057,PROD-122,view,1776246719
USER-073,PROD-057,view,1776248131
USER-017,PROD-101,add_to_cart,1776248146
USER-051,PROD-013,view,1776248796
USER-047,PROD-181,view,1776249162
USER-036,PROD-166,view,1776249433
USER-037,PROD-147,view,1776250276
USER-061,PROD-165,view,1776251147
USER-048,PROD-108,add_to_cart,1776251408
USER-051,PROD-104,view,1776252253
USER-011,PROD-185,view,1776252774
USER-071,PROD-030,view,1776252993
USER-057,PROD-064,view,1776253268
USER-054,PROD-102,view,1776253326
USER-018,PROD-043,view,1776255437
USER-024,PROD-080,view,1776257206
USER-004,PROD-084,view,1776257661
USER-052,PROD-088,view,1776258779
USER-062,PROD-099,purchase,1776259342
USER-020,PROD-072,view,1776260176
USER-021,PROD-155,view,1776263291
USER-073,PROD-126,view,1776263352
USER-033,PROD-029,add_to_cart,1776264284
USER-018,PROD-112,view,1776264530
USER-040,PROD-079,view,1776265050
USER-036,PROD-163,view,1776266109
USER-047,PROD-106,view,1776266832
USER-065,PROD-127,view,1776270366
USER-022,PROD-095,view,1776271717
USER-031,PROD-025,view,1776272758
USER-050,PROD-073,view,1776273052
USER-033,PROD-010,view,1776274304
USER-064,PROD-149,view,1776274449
USER-047,PROD-186,view,1776277134
USER-015,PROD-051,view,1776279899
USER-017,PROD-171,view,1776282452
USER-041,PROD-084,purchase,1776282724
USER-074,PROD-193,view,1776282835
USER-003,PROD-041,view,1776282878
USER-042,PROD-078,view,1776283402
USER-068,PROD-148,view,1776284469
USER-023,PROD-063,view,1776285149
USER-061,PROD-169,view,1776286784
USER-055,PROD-066,view,1776288242
USER-019,PROD-047,view,1776290149
USER-053,PROD-057,view,1776290471
USER-038,PROD-027,view,1776290525
USER-007,PROD-041,view,1776291354
USER-041,PROD-096,view,1776291885
USER-057,PROD-059,purchase,1776292880
USER-063,PROD-189,view,1776294289
USER-033,PROD-176,view,1776294826
USER-007,PROD-024,view,1776295067
USER-021,PROD-074,view,1776296476
USER-072,PROD-093,view,1776296819
USER-065,PROD-083,view,1776297970
USER-036,PROD-086,view,1776298065
USER-028,PROD-175,view,1776298643
USER-045,PROD-003,add_to_cart,1776300071
USER-052,PROD-039,view,1776300644
USER-052,PROD-156,view,1776301032
USER-007,PROD-171,view,1776301891
USER-014,PROD-103,view,1776303132
USER-008,PROD-176,view,1776303515
USER-007,PROD-109,view,1776303717
USER-005,PROD-011,view,1776304391
USER-026,PROD-150,view,1776305180
USER-047,PROD-139,view,1776307344
USER-071,PROD-021,view,1776308160
USER-074,PROD-096,view,1776308755
USER-054,PROD-103,view,1776309518
USER-049,PROD-053,view,1776310480
USER-063,PROD-183,view,1776310994
USER-075,PROD-147,view,1776311051
USER-053,PROD-063,view,1776312811
USER-031,PROD-036,view,1776313286
USER-022,PROD-137,purchase,1776316372
USER-056,PROD-068,view,1776316439
USER-022,PROD-021,view,1776316709
USER-032,PROD-168,view,1776316877
USER-001,PROD-149,view,1776318140
USER-074,PROD-132,view,1776318474
USER-024,PROD-162,view,1776320198
USER-031,PROD-197,view,1776320976
USER-030,PROD-113,add_to_cart,1776322544
USER-064,PROD-158,add_to_cart,1776323033
USER-034,PROD-075,add_to_cart,1776323372
USER-046,PROD-171,view,1776323574
USER-002,PROD-188,view,1776324895
USER-007,PROD-035,purchase,1776325057
USER-006,PROD-032,view,1776326856
USER-011,PROD-167,view,1776327798
USER-038,PROD-009,view,1776330576
USER-020,PROD-197,view,1776330782
USER-058,PROD-118,view,1776330879
USER-071,PROD-112,view,1776331483
USER-006,PROD-153,view,1776334183
USER-020,PROD-192,add_to_cart,1776335822
USER-007,PROD-082,view,1776336604
USER-063,PROD-082,view,1776336696
USER-052,PROD-003,purchase,1776337834
USER-073,PROD-021,view,1776339384
USER-050,PROD-195,view,1776340090
USER-051,PROD-065,view,1776341218
USER-004,PROD-174,add_to_cart,1776341922
USER-046,PROD-090,view,1776341992
USER-034,PROD-153,view,1776343751
USER-069,PROD-134,view,1776343877
USER-001,PROD-134,view,1776344183
USER-003,PROD-068,add_to_cart,1776344801
USER-053,PROD-051,view,1776344812
USER-002,PROD-065,add_to_cart,1776345879
USER-022,PROD-169,add_to_cart,1776346026
USER-068,PROD-069,view,1776346070
USER-009,PROD-096,add_to_cart,1776346213
USER-030,PROD-160,view,1776346945
USER-015,PROD-129,view,1776347298
USER-001,PROD-157,add_to_cart,1776348679
USER-020,PROD-070,purchase,1776349378
USER-063,PROD-187,view,1776349988
USER-047,PROD-134,view,1776352228
USER-009,PROD-046,view,1776353219
USER-039,PROD-033,view,1776353374
USER-023,PROD-196,view,1776353639
USER-017,PROD-170,view,1776355062
USER-043,PROD-112,add_to_cart,1776355352
USER-053,PROD-048,view,1776355554
USER-032,PROD-084,add_to_cart,1776356043
USER-028,PROD-077,purchase,1776356937
USER-059,PROD-032,view,1776356990
USER-075,PROD-032,view,1776358464
USER-044,PROD-059,view,1776358819
USER-021,PROD-161,view,1776359081
USER-066,PROD-010,view,1776359211
USER-033,PROD-182,add_to_cart,1776359212
USER-023,PROD-197,view,1776359319
USER-074,PROD-198,view,1776360722
USER-025,PROD-187,view,1776360938
USER-050,PROD-088,view,1776364772
USER-041,PROD-073,view,1776364927
USER-044,PROD-004,view,1776365561
USER-070,PROD-067,view,1776366691
USER-025,PROD-181,view,1776366956
USER-075,PROD-036,add_to_cart,1776367131
USER-071,PROD-059,view,1776367973
USER-052,PROD-072,view,1776368046
USER-013,PROD-168,view,1776370656
USER-074,PROD-144,view,1776371120
USER-042,PROD-183,view,1776371553
USER-038,PROD-080,view,1776371716
USER-059,PROD-157,view,1776372022
USER-015,PROD-113,view,1776372393
USER-014,PROD-072,view,1776372810
USER-017,PROD-135,view,1776372921
USER-046,PROD-030,view,1776373818
USER-043,PROD-105,add_to_cart,1776374170
USER-062,PROD-141,view,1776374330
USER-036,PROD-114,add_to_cart,1776376937
USER-064,PROD-152,view,1776377131
USER-042,PROD-080,add_to_cart,1776381666
USER-025,PROD-200,view,1776383049
USER-022,PROD-115,view,1776383328
USER-040,PROD-068,view,1776383525
USER-028,PROD-144,add_to_cart,1776383786
USER-038,PROD-030,view,1776384014
USER-049,PROD-060,view,1776384245
USER-036,PROD-072,view,1776385212
USER-025,PROD-025,view,1776385657
USER-046,PROD-079,view,1776387255
USER-053,PROD-061,view,1776387640
USER-062,PROD-049,view,1776389533
USER-035,PROD-085,view,1776389832
USER-044,PROD-051,add_to_cart,1776390509
USER-068,PROD-169,view,1776391208
USER-026,PROD-025,purchase,1776393199
USER-002,PROD-193,view,1776396949
USER-007,PROD-163,add_to_cart,1776397135
USER-009,PROD-055,view,1776397278
USER-014,PROD-100,view,1776397610
USER-059,PROD-002,view,1776397892
USER-061,PROD-114,view,1776398491
USER-033,PROD-200,view,1776400665
USER-039,PROD-004,view,1776400879
USER-040,PROD-139,add_to_cart,1776401238
USER-003,PROD-037,add_to_cart,1776401653
USER-054,PROD-105,view,1776404914
USER-042,PROD-130,add_to_cart,1776405285
USER-014,PROD-118,view,1776406446
USER-071,PROD-059,view,1776408872
USER-034,PROD-169,add_to_cart,1776409582
USER-025,PROD-118,view,1776409739
USER-074,PROD-196,add_to_cart,1776410722
USER-033,PROD-002,purchase,1776413222
USER-037,PROD-070,add_to_cart,1776413265
USER-047,PROD-200,add_to_cart,1776416803
USER-063,PROD-142,add_to_cart,1776419314
USER-017,PROD-111,view,1776419942
USER-007,PROD-123,view,1776420066
USER-036,PROD-119,purchase,1776422099
USER-050,PROD-065,view,1776422129
USER-042,PROD-041,view,1776423954
USER-026,PROD-078,view,1776424539
USER-015,PROD-043,view,1776424731
USER-068,PROD-189,view,1776426565
USER-011,PROD-178,view,1776426662
USER-068,PROD-114,view,1776427476
USER-054,PROD-183,add_to_cart,1776428203
USER-057,PROD-189,view,1776430404
USER-026,PROD-002,view,1776430504
USER-007,PROD-093,view,1776430897
USER-052,PROD-128,purchase,1776431011
USER-032,PROD-197,view,1776431362
USER-005,PROD-194,view,1776436014
USER-066,PROD-022,view,1776436609
USER-001,PROD-141,add_to_cart,1776437087
USER-010,PROD-014,view,1776437798
USER-003,PROD-074,view,1776438307
USER-039,PROD-108,add_to_cart,1776441047
USER-030,PROD-159,view,1776441160
USER-073,PROD-006,view,1776441257
USER-067,PROD-080,view,1776443658
USER-035,PROD-119,view,1776444864
USER-066,PROD-185,view,1776445841
USER-074,PROD-182,view,1776446052
USER-061,PROD-180,view,1776446101
USER-057,PROD-114,add_to_cart,1776446416
USER-026,PROD-014,view,1776446500
USER-029,PROD-168,view,1776448061
USER-072,PROD-074,add_to_cart,1776449901
USER-022,PROD-160,view,1776450838
USER-011,PROD-087,add_to_cart,1776450953
USER-050,PROD-182,view,1776452357
USER-058,PROD-171,view,1776455622
USER-032,PROD-130,view,1776456117
USER-013,PROD-043,view,1776456519
USER-058,PROD-057,view,1776456693
USER-053,PROD-186,view,1776457842
USER-054,PROD-151,view,1776459450
USER-013,PROD-056,view,1776460546
USER-067,PROD-193,purchase,1776463313
USER-062,PROD-196,view,1776463785
USER-075,PROD-004,view,1776465599
USER-014,PROD-014,view,1776466095
USER-040,PROD-048,view,1776466802
USER-055,PROD-064,add_to_cart,1776467403
USER-001,PROD-103,view,1776467911
USER-048,PROD-155,view,1776468046
USER-021,PROD-178,view,1776468548
USER-028,PROD-036,view,1776468642
USER-053,PROD-187,purchase,1776469267
USER-036,PROD-194,view,1776470395
USER-048,PROD-058,view,1776475049
USER-052,PROD-080,add_to_cart,1776475081
USER-007,PROD-102,view,1776475123
USER-037,PROD-094,view,1776478212
USER-004,PROD-180,view,1776479348
USER-014,PROD-012,view,1776480926
USER-031,PROD-148,view,1776481851
USER-065,PROD-148,view,1776482889
USER-054,PROD-131,view,1776484773
USER-006,PROD-050,view,1776485690
USER-060,PROD-134,view,1776485902
USER-008,PROD-020,add_to_cart,1776487134
USER-057,PROD-056,add_to_cart,1776488033
USER-006,PROD-023,view,1776488053
USER-003,PROD-070,view,1776489571
USER-051,PROD-179,view,1776489906
USER-053,PROD-198,view,1776491033
USER-057,PROD-120,view,1776491119
USER-068,PROD-193,view,1776492096
USER-007,PROD-029,view,1776492359
USER-062,PROD-188,view,1776497782
USER-044,PROD-183,view,1776498305
USER-052,PROD-017,view,1776499360
USER-075,PROD-060,view,1776500733
USER-016,PROD-178,view,1776502623
USER-060,PROD-155,view,1776503509
USER-075,PROD-009,view,1776504581
USER-050,PROD-084,view,1776504627
USER-069,PROD-083,view,1776505220
USER-001,PROD-006,view,1776505689
USER-028,PROD-101,view,1776505933
USER-001,PROD-085,add_to_cart,1776509413
USER-038,PROD-001,view,1776509585
USER-011,PROD-046,view,1776509760
USER-007,PROD-152,purchase,1776510269
USER-059,PROD-061,view,1776510276
USER-050,PROD-189,view,1776511049
USER-039,PROD-009,purchase,1776511780
USER-047,PROD-101,view,1776512265
USER-034,PROD-012,purchase,1776513944
USER-016,PROD-081,purchase,1776514362
USER-004,PROD-088,view,1776516821
USER-002,PROD-195,add_to_cart,1776517040
USER-008,PROD-096,view,1776518621
USER-035,PROD-080,add_to_cart,1776518656
USER-044,PROD-199,view,1776519045
USER-054,PROD-154,view,1776520041
USER-001,PROD-011,view,1776520150
USER-033,PROD-072,view,1776520797
USER-025,PROD-168,add_to_cart,1776522098
USER-004,PROD-005,view,1776522824
USER-043,PROD-002,view,1776523753
USER-018,PROD-080,view,1776526157
USER-064,PROD-067,view,1776526813
USER-021,PROD-144,view,1776527029
USER-037,PROD-167,view,1776529468
USER-005,PROD-091,view,1776531756
USER-053,PROD-189,add_to_cart,1776531798
USER-071,PROD-004,add_to_cart,1776531883
USER-036,PROD-194,view,1776532654
USER-073,PROD-184,view,1776536960
USER-069,PROD-004,view,1776538182
USER-013,PROD-036,view,1776540381
USER-051,PROD-135,view,1776540744
USER-042,PROD-151,purchase,1776541184
USER-041,PROD-094,view,1776541770
USER-002,PROD-188,view,1776542385
USER-004,PROD-045,view,1776542901
USER-069,PROD-076,view,1776543919
USER-001,PROD-123,view,1776544170
USER-057,PROD-123,view,1776545807
USER-029,PROD-200,view,1776547109
USER-042,PROD-187,view,1776547343
USER-056,PROD-198,view,1776550017
USER-045,PROD-135,add_to_cart,1776550675
USER-008,PROD-176,view,1776552615
USER-043,PROD-030,add_to_cart,1776553375
USER-032,PROD-078,view,1776553765
USER-028,PROD-029,view,1776554472
USER-062,PROD-100,add_to_cart,1776555022
USER-041,PROD-163,view,1776555069
USER-034,PROD-170,add_to_cart,1776555301
USER-037,PROD-156,add_to_cart,1776556119
USER-055,PROD-013,view,1776556955
USER-054,PROD-015,add_to_cart,1776557204
USER-051,PROD-013,view,1776559574
USER-064,PROD-122,view,1776559618
USER-065,PROD-023,view,1776560878
USER-067,PROD-081,view,1776560905
USER-018,PROD-136,view,1776561877
USER-024,PROD-184,add_to_cart,1776562206
USER-051,PROD-066,add_to_cart,1776562240
USER-072,PROD-030,view,1776562966
USER-059,PROD-152,add_to_cart,1776564302
USER-047,PROD-002,add_to_cart,1776564789
USER-028,PROD-131,view,1776566278
USER-035,PROD-049,view,1776567064
USER-063,PROD-007,view,1776567578
USER-056,PROD-085,view,1776568174
USER-050,PROD-173,view,1776568192
USER-015,PROD-044,view,1776570035
USER-037,PROD-159,view,1776570064
USER-066,PROD-188,view,1776571776
USER-034,PROD-060,view,1776573876
USER-052,PROD-106,view,1776576908
USER-067,PROD-186,purchase,1776577336
USER-065,PROD-053,view,1776577337
USER-044,PROD-048,view,1776577675
USER-072,PROD-091,view,1776578526
USER-069,PROD-135,add_to_cart,1776580411
USER-054,PROD-140,view,1776581451
USER-023,PROD-179,view,1776581842
USER-071,PROD-028,view,1776582629
USER-058,PROD-129,view,1776583059
USER-030,PROD-184,view,1776583765
USER-005,PROD-149,view,1776585526
USER-032,PROD-126,view,1776585859
USER-009,PROD-007,view,1776586158
USER-059,PROD-084,view,1776586508
USER-051,PROD-186,add_to_cart,1776588991
USER-071,PROD-115,view,1776589010
USER-071,PROD-010,view,1776592496
USER-072,PROD-061,view,1776593503
USER-011,PROD-165,view,1776596148
USER-066,PROD-115,add_to_cart,1776596347
USER-047,PROD-123,view,1776598450
USER-067,PROD-104,view,1776599730
USER-044,PROD-037,purchase,1776600255
USER-027,PROD-042,view,1776602932
USER-061,PROD-109,view,1776603102
USER-038,PROD-003,add_to_cart,1776603466
USER-045,PROD-057,view,1776604608
USER-023,PROD-173,view,1776604976
USER-045,PROD-143,view,1776606420
USER-032,PROD-058,add_to_cart,1776607990
USER-036,PROD-079,view,1776609485
USER-067,PROD-077,view,1776609756
USER-067,PROD-127,view,1776610117
USER-067,PROD-192,view,1776611249
USER-001,PROD-146,view,1776611372
USER-015,PROD-083,view,1776611957
USER-046,PROD-001,view,1776612787
USER-009,PROD-196,purchase,1776613066
USER-069,PROD-034,view,1776613255
USER-018,PROD-144,view,1776613397
USER-004,PROD-082,view,1776614390
USER-028,PROD-173,view,1776615015
USER-017,PROD-129,view,1776615404
USER-034,PROD-103,view,1776615601
USER-003,PROD-077,view,1776615844
USER-058,PROD-187,view,1776616437
USER-043,PROD-122,view,1776617669
USER-071,PROD-118,add_to_cart,1776618209
USER-061,PROD-001,view,1776619304
USER-064,PROD-147,view,1776619754
USER-058,PROD-107,view,1776620488
USER-007,PROD-109,view,1776620555
USER-024,PROD-006,add_to_cart,1776620902
USER-053,PROD-056,view,1776623170
USER-042,PROD-194,view,1776623238
USER-032,PROD-093,add_to_cart,1776623484
USER-048,PROD-040,view,1776624935
USER-022,PROD-140,view,1776628157
USER-032,PROD-091,view,1776628798
USER-038,PROD-137,view,1776628897
USER-047,PROD-188,view,1776629560
USER-062,PROD-197,add_to_cart,1776630789
USER-044,PROD-069,view,1776631816
USER-033,PROD-150,view,1776632761
USER-028,PROD-169,view,1776632970
USER-002,PROD-172,view,1776634258
USER-054,PROD-140,view,1776634460
USER-040,PROD-071,view,1776634480
USER-010,PROD-001,view,1776636625
USER-039,PROD-119,view,1776637668
USER-053,PROD-036,view,1776638184
USER-023,PROD-043,view,1776638961
USER-066,PROD-117,view,1776639244
USER-007,PROD-097,view,1776639354
USER-039,PROD-090,view,1776640722
USER-031,PROD-015,view,1776641294
USER-017,PROD-015,add_to_cart,1776642346
USER-072,PROD-191,view,1776644052
USER-036,PROD-170,add_to_cart,1776644144
USER-037,PROD-155,view,1776645316
USER-052,PROD-175,view,1776647026
USER-019,PROD-078,view,1776648939
USER-039,PROD-097,view,1776649985
USER-009,PROD-035,add_to_cart,1776650413
USER-029,PROD-175,view,1776651600
USER-027,PROD-092,view,1776653032
USER-036,PROD-095,view,1776653132
USER-019,PROD-107,view,1776653887
USER-056,PROD-080,view,1776655554
USER-021,PROD-102,view,1776655911
USER-012,PROD-049,view,1776658851
USER-020,PROD-133,view,1776661848
USER-024,PROD-001,add_to_cart,1776663050
USER-041,PROD-078,view,1776665111
USER-057,PROD-098,view,1776665745
USER-021,PROD-063,purchase,1776666813
USER-044,PROD-002,view,1776667822
USER-027,PROD-069,view,1776668248
USER-070,PROD-003,view,1776670703
USER-039,PROD-128,view,1776670851
USER-032,PROD-105,view,1776671181
USER-035,PROD-189,view,1776671235
USER-073,PROD-136,view,1776671926
USER-013,PROD-017,view,1776672471
USER-025,PROD-187,purchase,1776672859
USER-004,PROD-119,view,1776673738
USER-041,PROD-091,view,1776673752
USER-044,PROD-056,view,1776674275
USER-022,PROD-181,purchase,1776674353
USER-063,PROD-139,add_to_cart,1776674480
USER-016,PROD-100,view,1776674503
USER-034,PROD-064,view,1776677259
USER-020,PROD-144,add_to_cart,1776677644
USER-040,PROD-043,purchase,1776678071
USER-020,PROD-157,add_to_cart,1776678485
USER-034,PROD-167,view,1776681162
USER-008,PROD-019,add_to_cart,1776683435
USER-050,PROD-065,view,1776683997
USER-039,PROD-023,add_to_cart,1776684232
USER-001,PROD-137,view,1776684233
USER-019,PROD-127,view,1776685669
USER-047,PROD-106,add_to_cart,1776686653
USER-019,PROD-025,view,1776686783
USER-007,PROD-010,view,1776687332
USER-037,PROD-054,view,1776687728
USER-013,PROD-071,view,1776690198
USER-018,PROD-180,view,1776690566
USER-030,PROD-188,view,1776690616
USER-058,PROD-055,add_to_cart,1776691407
USER-009,PROD-086,view,1776693639
USER-013,PROD-199,view,1776694987
USER-046,PROD-117,view,1776695505
USER-039,PROD-146,view,1776695579
USER-023,PROD-191,add_to_cart,1776695779
USER-045,PROD-156,view,1776695858
USER-018,PROD-124,view,1776696077
USER-020,PROD-184,view,1776697334
USER-028,PROD-179,view,1776697594
USER-004,PROD-018,view,1776698227
USER-009,PROD-114,view,1776698583
USER-020,PROD-139,view,1776698743
USER-047,PROD-129,view,1776699573
USER-059,PROD-004,view,1776699725
USER-055,PROD-177,view,1776700685
USER-030,PROD-162,view,1776701270
USER-005,PROD-150,view,1776702165
USER-072,PROD-058,add_to_cart,1776704707
USER-063,PROD-198,add_to_cart,1776705259
USER-027,PROD-098,view,1776705840
USER-044,PROD-060,view,1776706024
USER-002,PROD-176,add_to_cart,1776708356
USER-029,PROD-137,add_to_cart,1776709084
USER-018,PROD-137,view,1776710288
USER-052,PROD-187,view,1776711527
USER-018,PROD-118,view,1776712245
USER-055,PROD-026,view,1776712836
USER-067,PROD-074,add_to_cart,1776713739
USER-042,PROD-041,view,1776713839
USER-075,PROD-009,view,1776713845
USER-071,PROD-123,view,1776714119
USER-049,PROD-167,add_to_cart,1776714515
USER-072,PROD-076,view,1776715771
USER-035,PROD-065,view,1776716367
USER-044,PROD-046,view,1776717488
USER-071,PROD-102,view,1776720274
USER-056,PROD-066,add_to_cart,1776722136
USER-020,PROD-117,view,1776722809
USER-058,PROD-056,view,1776725848
USER-028,PROD-122,add_to_cart,1776725874
USER-026,PROD-019,view,1776728316
USER-003,PROD-135,view,1776728888
USER-012,PROD-156,view,1776730136
USER-069,PROD-150,view,1776734585
USER-024,PROD-047,view,1776735079
USER-047,PROD-170,view,1776735293
USER-010,PROD-031,view,1776736094
USER-063,PROD-007,add_to_cart,1776739156
USER-057,PROD-056,purchase,1776739382
USER-030,PROD-003,view,1776739817
USER-004,PROD-045,view,1776739866
USER-040,PROD-069,view,1776741355
USER-009,PROD-002,view,1776741690
USER-014,PROD-061,purchase,1776741789
USER-028,PROD-068,view,1776745196
USER-004,PROD-171,view,1776745616
USER-062,PROD-158,view,1776746677
USER-044,PROD-191,view,1776746820
USER-024,PROD-089,add_to_cart,1776747604
USER-029,PROD-182,view,1776748324
USER-036,PROD-092,add_to_cart,1776748463
USER-037,PROD-086,view,1776748510
USER-027,PROD-056,add_to_cart,1776748615
USER-072,PROD-089,view,1776748919
USER-055,PROD-045,view,1776750700
USER-014,PROD-053,view,1776752964
USER-075,PROD-051,view,1776756643
USER-029,PROD-073,view,1776756808
USER-048,PROD-090,purchase,1776757354
USER-010,PROD-087,view,1776757439
USER-050,PROD-128,view,1776757758
USER-031,PROD-018,view,1776758766
USER-065,PROD-028,view,1776759872
USER-071,PROD-144,view,1776759991
USER-034,PROD-109,view,1776760426
USER-058,PROD-111,view,1776760745
USER-025,PROD-099,view,1776761146
USER-011,PROD-198,purchase,1776761270
USER-054,PROD-151,view,1776761841
USER-056,PROD-063,view,1776764438
USER-037,PROD-087,view,1776764440
USER-024,PROD-064,view,1776764971
USER-001,PROD-147,add_to_cart,1776765899
USER-074,PROD-186,view,1776765947
USER-045,PROD-003,add_to_cart,1776767545
USER-030,PROD-174,view,1776767880
USER-016,PROD-085,view,1776768554
USER-002,PROD-128,add_to_cart,1776768775
USER-030,PROD-137,view,1776769445
USER-034,PROD-006,purchase,1776769586
USER-051,PROD-181,view,1776770531
USER-040,PROD-067,view,1776771533
USER-008,PROD-105,view,1776772247
USER-072,PROD-049,view,1776772543
USER-017,PROD-162,purchase,1776772594
USER-036,PROD-022,purchase,1776773950
USER-031,PROD-163,view,1776775169
USER-052,PROD-114,purchase,1776775610
USER-029,PROD-175,view,1776776276
USER-061,PROD-115,add_to_cart,1776777246
USER-022,PROD-176,view,1776779915
USER-067,PROD-079,view,1776780659
USER-052,PROD-106,view,1776780955
USER-002,PROD-056,view,1776781087
USER-065,PROD-129,view,1776782157
USER-064,PROD-067,view,1776782771
USER-001,PROD-122,view,1776782816
USER-054,PROD-108,view,1776783231
USER-035,PROD-056,add_to_cart,1776784460
USER-055,PROD-066,view,1776784932
USER-035,PROD-079,purchase,1776785207
USER-015,PROD-037,view,1776785759
USER-048,PROD-003,view,1776786172
USER-032,PROD-117,add_to_cart,1776786671
USER-050,PROD-065,view,1776788163
USER-042,PROD-186,purchase,1776789260
USER-012,PROD-076,view,1776789283
USER-060,PROD-175,view,1776789981
USER-074,PROD-131,view,1776791326
USER-050,PROD-146,view,1776791490
USER-067,PROD-145,view,1776792027
USER-067,PROD-073,view,1776792082
USER-058,PROD-194,view,1776794977
USER-046,PROD-093,view,1776794994
USER-054,PROD-031,add_to_cart,1776796603
USER-046,PROD-085,view,1776797126
USER-032,PROD-198,view,1776799453
USER-026,PROD-004,view,1776801058
USER-009,PROD-143,view,1776801265
USER-068,PROD-200,view,1776801346
USER-015,PROD-109,view,1776803168
USER-007,PROD-199,view,1776803232
USER-030,PROD-178,view,1776804094
USER-049,PROD-019,view,1776806134
USER-069,PROD-034,view,1776806535
USER-069,PROD-010,view,1776807199
USER-050,PROD-144,view,1776807375
USER-009,PROD-146,add_to_cart,1776808283
USER-042,PROD-065,purchase,1776809725
USER-060,PROD-079,view,1776810154
USER-060,PROD-087,view,1776810859
USER-059,PROD-029,view,1776812266
USER-005,PROD-066,view,1776812872
USER-004,PROD-099,view,1776814098
USER-066,PROD-184,view,1776814456
USER-026,PROD-137,view,1776815135
USER-068,PROD-079,view,1776815203
USER-022,PROD-041,view,1776815834
USER-048,PROD-121,add_to_cart,1776817198
USER-032,PROD-128,view,1776820713
USER-064,PROD-103,view,1776822499
USER-015,PROD-126,view,1776823575
USER-046,PROD-127,view,1776825733
USER-041,PROD-034,view,1776826936
USER-008,PROD-158,view,1776827156
USER-049,PROD-167,view,1776827772
USER-045,PROD-027,view,1776827782
USER-039,PROD-156,view,1776827884
USER-057,PROD-046,view,1776830252
USER-033,PROD-106,view,1776831129
USER-019,PROD-062,add_to_cart,1776832231
USER-064,PROD-078,view,1776833735
USER-066,PROD-178,view,1776835219
USER-045,PROD-121,view,1776836188
USER-040,PROD-088,view,1776836273
USER-009,PROD-063,view,1776838192
USER-019,PROD-115,view,1776839199
USER-046,PROD-045,view,1776844254
USER-052,PROD-019,view,1776844600
USER-038,PROD-004,view,1776845214
USER-017,PROD-032,view,1776845478
USER-021,PROD-119,add_to_cart,1776845996
USER-027,PROD-146,view,1776846117
USER-055,PROD-009,view,1776846442
USER-065,PROD-112,view,1776847231
USER-067,PROD-036,purchase,1776847234
USER-008,PROD-031,view,1776848825
USER-026,PROD-133,view,1776850510
USER-050,PROD-133,view,1776852367
USER-071,PROD-158,view,1776853796
USER-010,PROD-080,view,1776853828
USER-045,PROD-127,view,1776854154
USER-034,PROD-119,view,1776854596
USER-026,PROD-143,view,1776855573
USER-063,PROD-048,view,1776857298
USER-021,PROD-002,view,1776858461
USER-047,PROD-119,purchase,1776862119
USER-018,PROD-045,add_to_cart,1776862778
USER-035,PROD-106,view,1776864269
USER-049,PROD-051,add_to_cart,1776864674
USER-046,PROD-064,view,1776864712
USER-064,PROD-151,view,1776866730
USER-031,PROD-173,view,1776867149
USER-020,PROD-047,view,1776867278
USER-045,PROD-095,view,1776867615
USER-070,PROD-012,view,1776867886
USER-065,PROD-089,view,1776867990
USER-041,PROD-071,view,1776868103
USER-056,PROD-048,view,1776869109
USER-059,PROD-137,view,1776869683
USER-014,PROD-089,view,1776869908
USER-031,PROD-162,view,1776870141
USER-022,PROD-122,view,1776870477
USER-034,PROD-063,view,1776871858
USER-036,PROD-200,view,1776876118
USER-027,PROD-047,add_to_cart,1776876446
USER-001,PROD-131,add_to_cart,1776877654
USER-047,PROD-039,add_to_cart,1776877954
USER-015,PROD-062,view,1776878279
USER-065,PROD-150,view,1776878497
USER-019,PROD-178,view,1776878836
USER-061,PROD-176,add_to_cart,1776879458
USER-075,PROD-182,view,1776881000
USER-008,PROD-192,add_to_cart,1776881024
USER-042,PROD-092,add_to_cart,1776882027
USER-070,PROD-036,view,1776882955
USER-051,PROD-185,purchase,1776885027
USER-053,PROD-187,view,1776885091
USER-032,PROD-100,view,1776885562
USER-050,PROD-142,view,1776885624
USER-018,PROD-019,add_to_cart,1776885858
USER-075,PROD-110,view,1776886836
USER-025,PROD-097,view,1776887495
USER-033,PROD-032,add_to_cart,1776889489
USER-016,PROD-035,view,1776890842
USER-045,PROD-093,add_to_cart,1776892169
USER-019,PROD-080,view,1776896907
USER-063,PROD-129,view,1776897950
USER-074,PROD-077,view,1776898299
USER-067,PROD-095,view,1776900739
USER-043,PROD-134,view,1776900832
USER-011,PROD-198,view,1776901518
USER-012,PROD-020,view,1776901577
USER-037,PROD-058,view,1776903854
USER-071,PROD-164,view,1776904522
USER-022,PROD-052,view,1776904678
USER-016,PROD-090,add_to_cart,1776906622
USER-061,PROD-120,view,1776908303
USER-030,PROD-139,view,1776909049
USER-060,PROD-126,view,1776909411
USER-001,PROD-022,view,1776909437
USER-025,PROD-138,purchase,1776910145
USER-003,PROD-070,view,1776911058
USER-044,PROD-062,add_to_cart,1776911646
USER-004,PROD-114,view,1776912733
USER-003,PROD-054,purchase,1776913599
USER-059,PROD-096,add_to_cart,1776914051
USER-020,PROD-198,view,1776915772
USER-012,PROD-040,view,1776918276
USER-064,PROD-131,view,1776918420
USER-071,PROD-091,view,1776918937
USER-062,PROD-156,purchase,1776921192
USER-011,PROD-096,add_to_cart,1776922134
USER-059,PROD-158,view,1776922446
USER-028,PROD-137,view,1776922951
USER-065,PROD-071,view,1776924254
USER-033,PROD-022,view,1776926739
USER-042,PROD-150,add_to_cart,1776927395
USER-023,PROD-163,view,1776928669
USER-073,PROD-116,view,1776929649
USER-001,PROD-095,view,1776929764
USER-043,PROD-064,purchase,1776930705
USER-045,PROD-021,add_to_cart,1776930977
USER-028,PROD-140,view,1776931590
USER-026,PROD-076,view,1776932205
USER-017,PROD-092,view,1776932420
USER-017,PROD-164,purchase,1776932676
USER-015,PROD-174,view,1776933228
USER-063,PROD-099,purchase,1776933520
USER-044,PROD-016,view,1776936163
USER-045,PROD-083,view,1776936269
USER-069,PROD-171,view,1776936309
USER-034,PROD-141,add_to_cart,1776937530
USER-048,PROD-095,view,1776938350
USER-017,PROD-083,view,1776939693
USER-044,PROD-050,view,1776941149
USER-029,PROD-176,view,1776941464
USER-013,PROD-169,purchase,1776941553
USER-029,PROD-169,view,1776943947
USER-074,PROD-086,add_to_cart,1776944271
USER-041,PROD-045,add_to_cart,1776945548
USER-062,PROD-131,add_to_cart,1776946282
USER-038,PROD-095,view,1776947092
USER-024,PROD-001,purchase,1776947138
USER-036,PROD-097,view,1776948112
USER-034,PROD-075,view,1776948120
USER-045,PROD-099,view,1776950315
USER-054,PROD-138,add_to_cart,1776950469
USER-013,PROD-177,view,1776950541
USER-059,PROD-070,view,1776951586
USER-038,PROD-151,view,1776952260
USER-002,PROD-083,purchase,1776952327
USER-037,PROD-068,view,1776952864
USER-064,PROD-156,view,1776953246
USER-027,PROD-034,view,1776953427
USER-038,PROD-151,view,1776954047
USER-005,PROD-003,purchase,1776958090
USER-049,PROD-057,view,1776958641
USER-018,PROD-152,purchase,1776959020
USER-020,PROD-193,add_to_cart,1776959066
USER-021,PROD-034,view,1776959905
USER-057,PROD-129,view,1776961033
USER-007,PROD-159,view,1776961781
USER-072,PROD-024,view,1776962814
USER-013,PROD-170,view,1776963893
USER-002,PROD-173,view,1776966840
USER-066,PROD-130,view,1776968609
USER-068,PROD-072,view,1776971983
USER-074,PROD-060,view,1776972975
USER-072,PROD-092,view,1776973156
USER-075,PROD-148,add_to_cart,1776974075
USER-057,PROD-080,view,1776974819
USER-001,PROD-131,view,1776977652
USER-009,PROD-173,view,1776977759
USER-007,PROD-124,add_to_cart,1776978139
USER-035,PROD-165,view,1776979491
USER-012,PROD-132,add_to_cart,1776980424
USER-069,PROD-174,add_to_cart,1776980540
USER-041,PROD-131,view,1776980621
USER-043,PROD-031,view,1776980978
USER-007,PROD-026,add_to_cart,1776983375
USER-010,PROD-139,view,1776984979
USER-010,PROD-142,view,1776985393
USER-009,PROD-048,view,1776985570
USER-005,PROD-175,add_to_cart,1776988237
USER-058,PROD-199,view,1776988703
USER-056,PROD-116,add_to_cart,1776988971
USER-002,PROD-167,view,1776988974
USER-007,PROD-016,view,1776990262
USER-047,PROD-160,view,1776990350
USER-063,PROD-181,view,1776990635
USER-056,PROD-157,view,1776994563
USER-050,PROD-098,view,1776995010
USER-031,PROD-016,view,1776996635
USER-061,PROD-172,add_to_cart,1776996981
USER-057,PROD-074,view,1776998066
USER-007,PROD-162,view,1777000610
USER-066,PROD-006,view,1777002264
USER-059,PROD-172,view,1777002670
USER-035,PROD-043,view,1777003295
USER-074,PROD-056,view,1777003728
USER-068,PROD-126,view,1777003797
USER-062,PROD-029,view,1777004098
USER-036,PROD-119,view,1777004585
USER-031,PROD-016,view,1777004742
USER-060,PROD-076,view,1777005303
USER-031,PROD-167,view,1777006246
USER-006,PROD-177,view,1777006389
USER-055,PROD-069,view,1777007904
USER-026,PROD-009,view,1777009180
USER-070,PROD-034,add_to_cart,1777009302
USER-063,PROD-188,view,1777009355
USER-036,PROD-129,add_to_cart,1777009511
USER-022,PROD-137,add_to_cart,1777009541
USER-074,PROD-052,view,1777010612
USER-010,PROD-041,view,1777010841
USER-029,PROD-149,view,1777011128
USER-042,PROD-181,view,1777011724
USER-042,PROD-187,view,1777012380
USER-016,PROD-072,view,1777013126
USER-030,PROD-163,view,1777013839
USER-039,PROD-093,add_to_cart,1777014664
USER-055,PROD-043,view,1777014805
USER-018,PROD-097,view,1777015305
USER-051,PROD-002,view,1777016565
USER-001,PROD-109,view,1777017145
USER-073,PROD-159,add_to_cart,1777019151
USER-066,PROD-045,add_to_cart,1777019700
USER-042,PROD-021,view,1777019895
USER-047,PROD-130,view,1777020621
USER-033,PROD-029,view,1777026385
USER-041,PROD-175,view,1777026895
USER-064,PROD-067,view,1777028310
USER-057,PROD-005,view,1777030143
USER-026,PROD-170,purchase,1777030557
USER-034,PROD-024,view,1777033948
USER-025,PROD-075,view,1777037027
USER-026,PROD-030,view,1777037454
USER-010,PROD-131,view,1777038732
USER-031,PROD-037,view,1777039457
USER-032,PROD-096,purchase,1777040582
USER-026,PROD-031,view,1777040890
USER-043,PROD-169,view,1777041319
USER-021,PROD-071,add_to_cart,1777045852
USER-067,PROD-076,add_to_cart,1777047647
USER-011,PROD-169,view,1777047789
USER-039,PROD-024,view,1777049020
USER-038,PROD-081,view,1777049123
USER-049,PROD-161,view,1777049796
USER-072,PROD-165,view,1777050259
USER-022,PROD-164,view,1777050416
USER-030,PROD-053,view,1777052312
USER-055,PROD-077,view,1777052599
USER-055,PROD-040,view,1777052722
USER-013,PROD-129,view,1777053233
USER-059,PROD-054,view,1777053388
USER-058,PROD-184,add_to_cart,1777053760
USER-064,PROD-185,view,1777054345
USER-024,PROD-171,view,1777056276
USER-003,PROD-008,view,1777057786
USER-070,PROD-002,view,1777057972
USER-061,PROD-114,view,1777060636
USER-027,PROD-100,add_to_cart,1777062471
USER-049,PROD-070,view,1777063550
USER-039,PROD-036,view,1777064647
USER-060,PROD-091,view,1777065568
USER-049,PROD-012,add_to_cart,1777065804
USER-056,PROD-102,view,1777066204
USER-069,PROD-068,view,1777067325
USER-062,PROD-081,view,1777067478
USER-070,PROD-196,view,1777071325
USER-041,PROD-112,view,1777071435
USER-037,PROD-081,view,1777071940
USER-036,PROD-167,view,1777072465
USER-036,PROD-075,view,1777074840
USER-040,PROD-083,view,1777075689
USER-067,PROD-081,view,1777075815
USER-012,PROD-014,add_to_cart,1777076061
USER-031,PROD-006,add_to_cart,1777076788
USER-065,PROD-101,view,1777076924
USER-043,PROD-119,view,1777077796
USER-001,PROD-112,view,1777078799
USER-009,PROD-095,view,1777078859
USER-069,PROD-162,view,1777079100
USER-013,PROD-184,view,1777079877
USER-050,PROD-168,view,1777079930
USER-025,PROD-158,view,1777084621
USER-016,PROD-007,add_to_cart,1777087774
USER-024,PROD-074,view,1777090067
USER-030,PROD-109,view,1777090269
USER-065,PROD-008,view,1777093675
USER-051,PROD-011,view,1777093865
USER-032,PROD-193,view,1777095698
USER-029,PROD-158,view,1777095840
USER-066,PROD-040,view,1777095925
USER-074,PROD-026,view,1777096356
USER-042,PROD-122,view,1777097242
USER-034,PROD-032,view,1777097867
USER-025,PROD-152,view,1777099328
USER-042,PROD-146,view,1777099878
USER-020,PROD-149,view,1777100168
USER-033,PROD-016,add_to_cart,1777100391
USER-007,PROD-170,view,1777100934
USER-057,PROD-050,add_to_cart,1777103083
USER-005,PROD-037,add_to_cart,1777103285
USER-075,PROD-183,view,1777104352
USER-055,PROD-039,view,1777105320
USER-026,PROD-017,view,1777108784
USER-075,PROD-157,view,1777112558
USER-044,PROD-190,view,1777113105
USER-054,PROD-131,add_to_cart,1777114204
USER-071,PROD-029,view,1777116107
USER-054,PROD-148,view,1777117191
USER-071,PROD-174,add_to_cart,1777118235
USER-016,PROD-091,add_to_cart,1777119538
USER-026,PROD-035,view,1777119899
USER-033,PROD-031,view,1777121003
USER-036,PROD-072,view,1777123691
USER-046,PROD-016,view,1777123752
USER-060,PROD-019,view,1777126001
USER-064,PROD-031,add_to_cart,1777126867
USER-026,PROD-070,view,1777127192
USER-067,PROD-109,view,1777129509
USER-075,PROD-116,view,1777131911
USER-037,PROD-053,view,1777132012
USER-035,PROD-077,add_to_cart,1777133059
USER-020,PROD-149,view,1777135962
USER-075,PROD-184,view,1777136992
USER-043,PROD-070,view,1777139282
USER-054,PROD-136,view,1777139500
USER-073,PROD-017,purchase,1777139767
USER-014,PROD-091,view,1777140128
USER-021,PROD-005,view,1777141142
USER-050,PROD-178,add_to_cart,1777143638
USER-064,PROD-020,view,1777143655
USER-019,PROD-127,view,1777146299
USER-013,PROD-177,view,1777147242
USER-019,PROD-090,add_to_cart,1777147306
USER-042,PROD-099,view,1777148571
USER-022,PROD-156,view,1777150174
USER-074,PROD-133,purchase,1777150281
USER-011,PROD-170,view,1777152709
USER-075,PROD-200,add_to_cart,1777152920
USER-054,PROD-039,view,1777152956
USER-065,PROD-011,view,1777153669
USER-049,PROD-163,view,1777153789
USER-001,PROD-168,view,1777157471
USER-024,PROD-079,view,1777157851
USER-017,PROD-160,view,1777158567
USER-050,PROD-147,view,1777158940
USER-074,PROD-043,view,1777158963
USER-037,PROD-143,view,1777160683
USER-011,PROD-179,view,1777161061
USER-030,PROD-163,view,1777162135
USER-048,PROD-087,purchase,1777164111
USER-002,PROD-084,view,1777164301
USER-043,PROD-012,view,1777164855
USER-056,PROD-085,view,1777165784
USER-044,PROD-060,view,1777166356
USER-006,PROD-194,view,1777168994
USER-031,PROD-139,add_to_cart,1777171952
USER-034,PROD-025,view,1777172491
USER-052,PROD-195,add_to_cart,1777172592
USER-014,PROD-092,add_to_cart,1777173897
USER-018,PROD-109,view,1777173913
USER-008,PROD-029,add_to_cart,1777175109
USER-039,PROD-130,view,1777176039
USER-016,PROD-064,view,1777176416
USER-055,PROD-099,view,1777176463
USER-008,PROD-195,view,1777176974
USER-041,PROD-094,view,1777177728
USER-003,PROD-001,view,1777178855
USER-015,PROD-038,view,1777180442
USER-063,PROD-182,view,1777180540
USER-069,PROD-088,add_to_cart,1777181056
USER-045,PROD-057,purchase,1777183927
USER-028,PROD-118,view,1777184289
USER-053,PROD-049,add_to_cart,1777184770
USER-017,PROD-119,view,1777185445
USER-064,PROD-115,view,1777185493
USER-008,PROD-117,view,1777185886
USER-008,PROD-113,view,1777191187
USER-033,PROD-038,view,1777191698
USER-068,PROD-019,view,1777193692
USER-014,PROD-043,view,1777194202
USER-018,PROD-030,view,1777196076
USER-032,PROD-089,view,1777197390
USER-048,PROD-122,view,1777198193
USER-064,PROD-098,add_to_cart,1777198195
USER-043,PROD-050,purchase,1777199009
USER-069,PROD-147,purchase,1777199539
USER-025,PROD-090,purchase,1777200372
USER-001,PROD-107,view,1777200399
USER-037,PROD-038,add_to_cart,1777200932
USER-008,PROD-126,view,1777201040
USER-027,PROD-157,view,1777201790
USER-054,PROD-189,add_to_cart,1777202199
USER-026,PROD-059,view,1777203153
USER-066,PROD-062,view,1777204357
USER-040,PROD-146,view,1777204621
USER-039,PROD-066,view,1777204787
USER-033,PROD-113,view,1777205896
USER-063,PROD-113,purchase,1777205972
USER-048,PROD-082,view,1777206603
USER-036,PROD-001,view,1777206704
USER-035,PROD-170,view,1777207891
USER-032,PROD-127,view,1777208701
USER-006,PROD-019,view,1777209909
USER-050,PROD-131,view,1777212147
USER-036,PROD-078,add_to_cart,1777212584
USER-049,PROD-056,view,1777213382
USER-053,PROD-140,view,1777214895
USER-043,PROD-044,purchase,1777216931
USER-063,PROD-077,view,1777218518
USER-027,PROD-074,view,1777218886
USER-015,PROD-151,purchase,1777219690
USER-073,PROD-058,view,1777220715
USER-018,PROD-103,view,1777221953
USER-017,PROD-064,view,1777222397
USER-035,PROD-165,add_to_cart,1777224773
USER-050,PROD-193,view,1777226563
USER-049,PROD-170,view,1777227168
USER-018,PROD-117,view,1777227212
USER-018,PROD-143,view,1777228570
USER-056,PROD-141,view,1777228628
USER-002,PROD-155,view,1777229125
USER-046,PROD-097,view,1777229776
USER-069,PROD-172,view,1777230890
USER-028,PROD-044,view,1777231672
USER-028,PROD-001,view,1777232736
USER-034,PROD-129,purchase,1777233980
USER-020,PROD-056,view,1777234279
USER-014,PROD-169,view,1777234631
USER-065,PROD-066,view,1777235164
USER-004,PROD-173,view,1777235622
USER-024,PROD-032,purchase,1777235730
USER-031,PROD-008,view,1777236062
USER-046,PROD-069,purchase,1777236983
USER-028,PROD-141,view,1777237211
USER-041,PROD-104,view,1777238278
USER-015,PROD-045,view,1777239898
USER-052,PROD-164,add_to_cart,1777240557
USER-058,PROD-198,view,1777240944
USER-019,PROD-021,purchase,1777242197
USER-064,PROD-094,view,1777242264
USER-027,PROD-044,view,1777242766
USER-052,PROD-026,view,1777243009
USER-026,PROD-178,view,1777243279
USER-047,PROD-154,view,1777245655
USER-044,PROD-068,view,1777246542
USER-038,PROD-035,view,1777248508
USER-069,PROD-160,view,1777250607
USER-030,PROD-034,view,1777252238
USER-035,PROD-178,view,1777252324
USER-043,PROD-038,view,1777252734
USER-006,PROD-143,view,1777253622
USER-044,PROD-068,add_to_cart,1777253744
USER-064,PROD-090,add_to_cart,1777254202
USER-022,PROD-052,add_to_cart,1777255894
USER-058,PROD-006,view,1777256542
USER-039,PROD-014,purchase,1777257105
USER-063,PROD-097,add_to_cart,1777259286
USER-031,PROD-181,view,1777259478
USER-040,PROD-111,view,1777259603
USER-072,PROD-099,view,1777260308
USER-064,PROD-139,view,1777261912
USER-064,PROD-078,view,1777263030
USER-003,PROD-115,view,1777263122
USER-020,PROD-128,view,1777265243
USER-058,PROD-156,add_to_cart,1777265847
USER-066,PROD-184,view,1777266182
USER-043,PROD-182,view,1777266458
USER-006,PROD-164,view,1777266667
USER-053,PROD-098,view,1777266927
USER-071,PROD-129,purchase,1777267274
USER-032,PROD-108,view,1777268603
USER-056,PROD-003,view,1777269323
USER-051,PROD-115,view,1777273904
USER-014,PROD-125,view,1777274168
USER-064,PROD-072,purchase,1777275205
USER-035,PROD-086,view,1777276505
USER-006,PROD-128,add_to_cart,1777278363
USER-030,PROD-164,view,1777278440
USER-061,PROD-162,view,1777278983
USER-017,PROD-056,add_to_cart,1777282065
USER-038,PROD-196,add_to_cart,1777282907
USER-064,PROD-139,view,1777286988
USER-004,PROD-171,view,1777291361
USER-016,PROD-163,add_to_cart,1777294071
USER-061,PROD-163,view,1777294531
USER-038,PROD-055,view,1777294628
USER-003,PROD-058,view,1777297385
USER-073,PROD-119,view,1777297687
USER-017,PROD-086,purchase,1777299814
USER-063,PROD-109,view,1777299928
USER-023,PROD-123,view,1777304968
USER-016,PROD-117,view,1777305349
USER-055,PROD-095,add_to_cart,1777305796
USER-048,PROD-049,view,1777306369
USER-032,PROD-197,view,1777306562
USER-035,PROD-173,view,1777309260
USER-022,PROD-026,view,1777312704
USER-026,PROD-095,view,1777313385
USER-062,PROD-200,view,1777313398
USER-048,PROD-169,view,1777314157
USER-062,PROD-073,view,1777314587
USER-041,PROD-166,view,1777315600
USER-020,PROD-144,add_to_cart,1777316295
USER-068,PROD-010,view,1777316506
USER-073,PROD-155,view,1777317588
USER-067,PROD-095,view,1777318485
USER-011,PROD-032,view,1777318588
USER-059,PROD-152,view,1777319102
USER-045,PROD-096,view,1777319764
USER-006,PROD-105,view,1777320900
USER-042,PROD-137,view,1777320994
USER-033,PROD-015,view,1777322195
USER-026,PROD-167,view,1777323181
USER-047,PROD-123,add_to_cart,1777324409
USER-023,PROD-161,add_to_cart,1777325734
USER-007,PROD-156,view,1777328071
USER-008,PROD-028,add_to_cart,1777329109
USER-023,PROD-089,add_to_cart,1777329455
USER-061,PROD-113,view,1777332957
USER-010,PROD-163,view,1777333875
USER-065,PROD-021,view,1777334291
USER-070,PROD-025,view,1777334953
USER-008,PROD-177,add_to_cart,1777335369
USER-044,PROD-039,view,1777335738
USER-074,PROD-141,view,1777337108
USER-017,PROD-019,view,1777337153
USER-061,PROD-171,view,1777337359
USER-041,PROD-038,view,1777337959
USER-054,PROD-102,add_to_cart,1777338113
USER-074,PROD-068,view,1777340940
USER-016,PROD-130,add_to_cart,1777342465
USER-058,PROD-158,view,1777343232
USER-068,PROD-126,view,1777344856
USER-046,PROD-042,view,1777344899
USER-035,PROD-025,add_to_cart,1777345472
USER-064,PROD-103,view,1777346376
USER-043,PROD-121,view,1777347032
USER-004,PROD-088,view,1777347433
USER-050,PROD-174,view,1777347935
USER-005,PROD-010,view,1777349628
USER-066,PROD-071,view,1777351591
USER-027,PROD-044,view,1777353739
USER-040,PROD-011,view,1777354088
USER-005,PROD-103,view,1777354280
USER-019,PROD-196,view,1777355207
USER-074,PROD-181,view,1777355273
USER-016,PROD-025,view,1777359432
USER-070,PROD-082,view,1777360905
USER-035,PROD-122,view,1777361233
USER-072,PROD-070,view,1777362543
USER-047,PROD-115,view,1777363635
USER-050,PROD-151,view,1777364130
USER-002,PROD-107,add_to_cart,1777364887
USER-068,PROD-193,view,1777364890
USER-023,PROD-169,view,1777365000
USER-070,PROD-034,view,1777365586
USER-039,PROD-180,purchase,1777366025
USER-005,PROD-151,view,1777366673
USER-056,PROD-094,view,1777366740
USER-034,PROD-171,view,1777366933
USER-053,PROD-067,add_to_cart,1777367669
USER-046,PROD-153,view,1777368352
USER-045,PROD-003,add_to_cart,1777368997
USER-011,PROD-176,add_to_cart,1777369045
USER-014,PROD-200,view,1777369879
USER-055,PROD-082,view,1777370030
USER-039,PROD-059,purchase,1777370296
USER-053,PROD-042,view,1777371355
USER-045,PROD-074,view,1777371425
USER-066,PROD-049,view,1777372718
USER-015,PROD-097,view,1777373256
USER-004,PROD-079,view,1777374606
USER-053,PROD-021,view,1777376022
USER-045,PROD-049,purchase,1777376605
USER-009,PROD-063,purchase,1777376825
USER-015,PROD-121,view,1777376968
USER-066,PROD-122,view,1777377290
USER-060,PROD-028,add_to_cart,1777378585
USER-048,PROD-133,view,1777378879
USER-007,PROD-080,view,1777381657
USER-047,PROD-139,view,1777382035
USER-053,PROD-051,view,1777384025
USER-029,PROD-063,add_to_cart,1777384348
USER-020,PROD-198,view,1777386194
USER-045,PROD-154,view,1777386285
USER-045,PROD-057,add_to_cart,1777387095
USER-073,PROD-066,view,1777388274
USER-052,PROD-098,view,1777389299
USER-046,PROD-128,view,1777389438
USER-059,PROD-163,view,1777390615
USER-022,PROD-110,view,1777390670
USER-047,PROD-136,view,1777390749
USER-005,PROD-159,view,1777391988
USER-014,PROD-104,view,1777392019
USER-062,PROD-015,view,1777393436
USER-024,PROD-098,view,1777393687
USER-055,PROD-141,view,1777393838
USER-040,PROD-095,view,1777394218
USER-050,PROD-159,add_to_cart,1777394573
USER-054,PROD-150,view,1777395553
USER-074,PROD-068,add_to_cart,1777399499
USER-073,PROD-131,view,1777399624
USER-069,PROD-007,view,1777404191
USER-033,PROD-090,view,1777405579
USER-060,PROD-174,view,1777407626
USER-037,PROD-175,view,1777408149
USER-021,PROD-114,view,1777408230
USER-007,PROD-113,view,1777409059
USER-037,PROD-159,view,1777409676
USER-013,PROD-123,purchase,1777409973
USER-024,PROD-016,view,1777411180
USER-025,PROD-178,purchase,1777411693
USER-003,PROD-108,view,1777414975
USER-044,PROD-052,view,1777415199
USER-065,PROD-091,view,1777416654
USER-072,PROD-082,add_to_cart,1777416919
USER-046,PROD-112,view,1777417538
USER-049,PROD-002,view,1777419093
USER-063,PROD-036,view,1777420564
USER-035,PROD-091,view,1777421673
USER-075,PROD-137,add_to_cart,1777421976
USER-049,PROD-050,view,1777423343
USER-052,PROD-021,view,1777424088
USER-017,PROD-132,view,1777424266
USER-065,PROD-194,view,1777424313
USER-032,PROD-087,view,1777428655
USER-042,PROD-185,add_to_cart,1777429474
USER-067,PROD-155,view,1777430223
USER-029,PROD-053,view,1777431077
USER-018,PROD-090,add_to_cart,1777431231
USER-017,PROD-133,view,1777431614
USER-068,PROD-199,view,1777431950
USER-053,PROD-067,view,1777432366
USER-029,PROD-179,view,1777432398
USER-033,PROD-089,add_to_cart,1777432877
USER-023,PROD-162,view,1777435598
USER-051,PROD-038,view,1777435734
USER-065,PROD-188,view,1777435841
USER-075,PROD-153,add_to_cart,1777436400
USER-071,PROD-005,view,1777437322
USER-001,PROD-111,view,1777438069
USER-051,PROD-103,view,1777438119
USER-070,PROD-017,view,1777438526
USER-048,PROD-084,view,1777438534
USER-037,PROD-154,view,1777438558
USER-062,PROD-114,view,1777439522
USER-062,PROD-169,view,1777440025
USER-049,PROD-129,view,1777440722
USER-061,PROD-179,view,1777443138
USER-017,PROD-117,view,1777444195
USER-040,PROD-155,add_to_cart,1777444974
USER-043,PROD-116,view,1777445227
USER-022,PROD-021,add_to_cart,1777446735
USER-067,PROD-189,view,1777447164
USER-033,PROD-010,view,1777449085
USER-023,PROD-171,view,1777449481
USER-072,PROD-131,add_to_cart,1777449568
USER-020,PROD-058,view,1777450291
USER-055,PROD-041,view,1777452335
USER-063,PROD-102,view,1777453310
USER-033,PROD-200,view,1777456453
USER-062,PROD-080,view,1777458259
USER-041,PROD-090,view,1777461793
USER-030,PROD-019,view,1777461870
USER-038,PROD-080,view,1777461918
USER-024,PROD-161,view,1777463534
USER-054,PROD-111,view,1777464745
USER-007,PROD-082,view,1777465101
USER-034,PROD-035,view,1777467347
USER-015,PROD-141,view,1777468865
USER-036,PROD-129,purchase,1777468969
USER-016,PROD-186,view,1777469062
USER-032,PROD-116,view,1777469718
USER-015,PROD-046,view,1777472009
USER-052,PROD-105,view,1777475773
USER-015,PROD-139,view,1777475856
USER-048,PROD-122,view,1777476222
USER-045,PROD-068,view,1777481151
USER-011,PROD-179,view,1777484131
USER-029,PROD-065,purchase,1777484563
USER-046,PROD-011,view,1777484936
USER-070,PROD-012,view,1777485735
USER-033,PROD-008,view,1777485826
USER-044,PROD-186,view,1777485972
USER-062,PROD-019,add_to_cart,1777486593
USER-010,PROD-151,view,1777489642
USER-001,PROD-136,view,1777490247
USER-058,PROD-044,add_to_cart,1777492554
USER-021,PROD-089,add_to_cart,1777493363
USER-032,PROD-125,view,1777493568
USER-033,PROD-015,view,1777497441
USER-025,PROD-099,view,1777497505
USER-069,PROD-023,view,1777498568
USER-068,PROD-093,view,1777498884
USER-009,PROD-068,view,1777499283
USER-070,PROD-074,purchase,1777499537
USER-041,PROD-119,add_to_cart,1777500079
USER-060,PROD-096,add_to_cart,1777500133
USER-067,PROD-115,view,1777504012
USER-042,PROD-121,view,1777504440
USER-069,PROD-165,view,1777504453
USER-012,PROD-008,view,1777504492
USER-045,PROD-003,view,1777505004
USER-055,PROD-015,view,1777505799
USER-058,PROD-169,view,1777506469
USER-049,PROD-167,view,1777509577
USER-070,PROD-031,add_to_cart,1777510377
USER-056,PROD-031,view,1777510398
USER-048,PROD-061,view,1777510589
USER-057,PROD-050,view,1777513407
USER-035,PROD-124,view,1777513797
USER-006,PROD-147,add_to_cart,1777513917
USER-007,PROD-017,add_to_cart,1777516459
USER-045,PROD-167,view,1777517013
USER-036,PROD-183,view,1777520928
USER-058,PROD-074,view,1777520990
USER-023,PROD-078,view,1777521654
USER-057,PROD-127,view,1777521949
USER-061,PROD-177,add_to_cart,1777522485
USER-015,PROD-157,view,1777522795
USER-042,PROD-195,view,1777525127
USER-069,PROD-005,view,1777525939
USER-008,PROD-135,view,1777526620
USER-008,PROD-071,view,1777526820
USER-016,PROD-104,view,1777527080
USER-070,PROD-052,add_to_cart,1777527661
USER-033,PROD-192,view,1777529131
USER-040,PROD-052,add_to_cart,1777529636
USER-005,PROD-122,view,1777530292
USER-042,PROD-029,view,1777533013
USER-004,PROD-005,view,1777534145
USER-003,PROD-059,view,1777534301
USER-012,PROD-005,view,1777534622
USER-013,PROD-021,view,1777535349
USER-061,PROD-157,view,1777536107
USER-061,PROD-180,view,1777536297
USER-042,PROD-083,view,1777537602
USER-041,PROD-100,view,1777538336
USER-051,PROD-049,view,1777538576
USER-048,PROD-056,view,1777538763
USER-060,PROD-014,view,1777539454
USER-042,PROD-099,add_to_cart,1777541186
USER-074,PROD-192,view,1777542338
USER-007,PROD-046,add_to_cart,1777543220
USER-034,PROD-023,view,1777543220
USER-039,PROD-122,view,1777543561
USER-042,PROD-097,view,1777545055
USER-055,PROD-040,view,1777545076
USER-064,PROD-016,view,1777545911
USER-064,PROD-076,view,1777546635
USER-038,PROD-088,view,1777546812
USER-073,PROD-137,view,1777547457
USER-030,PROD-188,view,1777549637
USER-062,PROD-170,add_to_cart,1777550087
USER-024,PROD-165,view,1777552680
USER-031,PROD-040,view,1777554124
USER-058,PROD-184,view,1777554612
USER-013,PROD-110,view,1777555717
USER-075,PROD-108,view,1777555906
USER-075,PROD-200,view,1777557404
USER-033,PROD-069,view,1777558169
USER-014,PROD-054,view,1777558272
USER-003,PROD-004,view,1777560491
USER-021,PROD-149,view,1777560744
USER-055,PROD-065,view,1777561054
USER-058,PROD-069,view,1777562728
USER-043,PROD-120,view,1777564257
USER-053,PROD-029,view,1777564912
USER-046,PROD-062,view,1777565897
USER-066,PROD-126,view,1777566856
USER-042,PROD-184,view,1777567019
USER-010,PROD-077,view,1777567900
USER-021,PROD-193,view,1777569005
USER-024,PROD-009,view,1777571064
USER-006,PROD-084,add_to_cart,1777572629
USER-057,PROD-118,view,1777572929
USER-005,PROD-150,view,1777573376
USER-004,PROD-077,add_to_cart,1777575226
USER-020,PROD-176,add_to_cart,1777575780
USER-008,PROD-100,view,1777576763
USER-055,PROD-038,purchase,1777576957
USER-036,PROD-116,view,1777577872
USER-013,PROD-033,view,1777577981
USER-062,PROD-127,view,1777579333
USER-043,PROD-059,view,1777580425
USER-045,PROD-082,view,1777580491
USER-033,PROD-112,view,1777581130
USER-070,PROD-147,view,1777581306
USER-045,PROD-151,view,1777582479
USER-028,PROD-090,purchase,1777582949
USER-041,PROD-017,view,1777583230
USER-041,PROD-078,view,1777584259
USER-032,PROD-123,view,1777584288
USER-053,PROD-068,view,1777584734
USER-049,PROD-053,view,1777585359
USER-055,PROD-068,view,1777585871
USER-005,PROD-146,view,1777587401
USER-074,PROD-152,add_to_cart,1777588366
USER-024,PROD-081,view,1777588445
USER-073,PROD-139,add_to_cart,1777588451
USER-054,PROD-147,view,1777588649
USER-054,PROD-105,view,1777589397
USER-058,PROD-128,view,1777591899
USER-056,PROD-089,view,1777592606
USER-030,PROD-104,add_to_cart,1777593623
USER-039,PROD-017,view,1777594653
USER-006,PROD-133,view,1777596598
USER-029,PROD-128,view,1777596943
USER-032,PROD-075,view,1777598129
USER-015,PROD-178,view,1777598727
USER-071,PROD-125,view,1777599343
USER-015,PROD-060,view,1777599540
USER-009,PROD-077,add_to_cart,1777601067
USER-013,PROD-042,add_to_cart,1777602310
USER-017,PROD-015,view,1777603823
USER-009,PROD-037,view,1777603847
USER-072,PROD-111,view,1777604656
USER-073,PROD-035,purchase,1777607466
USER-042,PROD-183,purchase,1777609428
USER-075,PROD-097,view,1777610399
USER-004,PROD-088,view,1777612420
USER-069,PROD-012,view,1777613184
USER-051,PROD-165,view,1777613645
USER-016,PROD-127,view,1777613903
USER-058,PROD-012,view,1777615113
USER-024,PROD-105,view,1777615158
USER-060,PROD-100,view,1777616281
USER-051,PROD-078,view,1777616839
USER-031,PROD-195,view,1777617095
USER-006,PROD-053,add_to_cart,1777617821
USER-044,PROD-056,add_to_cart,1777618807
USER-013,PROD-113,view,1777619700
USER-052,PROD-033,add_to_cart,1777619997
USER-059,PROD-109,view,1777621851
USER-044,PROD-181,view,1777623889
USER-021,PROD-075,view,1777624312
USER-014,PROD-170,view,1777625303
USER-070,PROD-070,view,1777625722
USER-041,PROD-022,view,1777625783
USER-004,PROD-109,view,1777626933
USER-051,PROD-109,view,1777626967
USER-006,PROD-147,view,1777627105
USER-075,PROD-127,add_to_cart,1777627224
USER-057,PROD-049,view,1777627715
USER-049,PROD-129,view,1777629363
USER-043,PROD-155,purchase,1777629579
USER-075,PROD-177,view,1777629703
USER-047,PROD-123,view,1777631163
USER-031,PROD-029,view,1777633675
USER-067,PROD-199,view,1777635464
USER-069,PROD-114,add_to_cart,1777635600
USER-007,PROD-184,view,1777635727
USER-024,PROD-028,view,1777636949
USER-035,PROD-039,view,1777638499
USER-061,PROD-183,view,1777638785
USER-040,PROD-048,view,1777638991
USER-059,PROD-027,view,1777639303
USER-073,PROD-014,view,1777639783
USER-074,PROD-053,view,1777642995
USER-040,PROD-142,view,1777648168
USER-007,PROD-088,view,1777649112
USER-071,PROD-014,add_to_cart,1777650358
USER-022,PROD-120,view,1777651242
USER-051,PROD-117,view,1777651661
USER-040,PROD-118,view,1777655708
USER-063,PROD-124,view,1777656073
USER-041,PROD-163,add_to_cart,1777657627
USER-062,PROD-001,view,1777658182
USER-017,PROD-092,view,1777658836
USER-019,PROD-137,view,1777658868
USER-002,PROD-037,add_to_cart,1777659549
USER-005,PROD-196,view,1777660038
USER-019,PROD-096,view,1777662279
USER-055,PROD-112,view,1777662889
USER-023,PROD-051,add_to_cart,1777663971
USER-042,PROD-160,view,1777664380
USER-008,PROD-103,view,1777665256
USER-029,PROD-038,view,1777667084
USER-045,PROD-134,view,1777670243
USER-069,PROD-035,view,1777673501
USER-057,PROD-053,view,1777675260
USER-005,PROD-133,add_to_cart,1777675650
USER-011,PROD-192,view,1777677821
USER-022,PROD-076,view,1777678401
USER-059,PROD-041,view,1777678682
USER-023,PROD-167,add_to_cart,1777679593
USER-028,PROD-084,view,1777681218
USER-054,PROD-168,view,1777681374
USER-009,PROD-015,view,1777681994
USER-031,PROD-068,view,1777682399
USER-062,PROD-184,view,1777684814
USER-027,PROD-074,view,1777685174
USER-075,PROD-056,view,1777686517
USER-010,PROD-110,view,1777686678
USER-035,PROD-189,view,1777686788
USER-018,PROD-169,view,1777687164
USER-050,PROD-058,add_to_cart,1777687515
USER-040,PROD-060,view,1777688541
USER-009,PROD-020,view,1777691229
USER-063,PROD-019,view,1777692041
USER-058,PROD-120,view,1777692273
USER-075,PROD-200,purchase,1777692403
USER-027,PROD-088,view,1777693253
USER-063,PROD-192,add_to_cart,1777694828
USER-025,PROD-125,view,1777695521
USER-035,PROD-063,view,1777695878
USER-005,PROD-155,view,1777696928
USER-069,PROD-011,view,1777698131
USER-069,PROD-158,view,1777698133
USER-054,PROD-128,view,1777698462
USER-014,PROD-200,view,1777698699
USER-036,PROD-180,view,1777698900
USER-044,PROD-128,view,1777699654
USER-057,PROD-053,purchase,1777700266
USER-050,PROD-171,add_to_cart,1777701360
USER-017,PROD-115,view,1777703672
USER-067,PROD-041,add_to_cart,1777705198
USER-073,PROD-097,view,1777705761
USER-044,PROD-186,view,1777706158
USER-057,PROD-061,add_to_cart,1777706360
USER-025,PROD-139,view,1777707133
USER-008,PROD-189,view,1777708166
USER-053,PROD-046,view,1777709216
USER-056,PROD-200,add_to_cart,1777709893
USER-004,PROD-087,view,1777710386
USER-061,PROD-123,view,1777710435
USER-016,PROD-045,view,1777710744
USER-026,PROD-001,view,1777712624
USER-001,PROD-037,view,1777713867
USER-066,PROD-165,view,1777715404
USER-044,PROD-052,view,1777716573
USER-040,PROD-028,view,1777719513
USER-046,PROD-062,view,1777720483
USER-062,PROD-093,view,1777722292
USER-047,PROD-083,view,1777723700
USER-004,PROD-095,purchase,1777726520
USER-045,PROD-136,view,1777727047
USER-017,PROD-196,add_to_cart,1777727378
USER-046,PROD-114,view,1777729472
USER-058,PROD-184,add_to_cart,1777730082
USER-061,PROD-127,view,1777730828
USER-029,PROD-023,view,1777733505
USER-022,PROD-156,view,1777734309
USER-004,PROD-164,view,1777736365
USER-050,PROD-135,view,1777737671
USER-014,PROD-105,view,1777738195
USER-056,PROD-056,view,1777741862
USER-062,PROD-108,purchase,1777741973
USER-058,PROD-122,view,1777743561
USER-062,PROD-167,purchase,1777744239
USER-003,PROD-011,view,1777744594
USER-057,PROD-059,view,1777745172
USER-004,PROD-095,view,1777745526
USER-041,PROD-100,view,1777745647
USER-054,PROD-129,view,1777746426
USER-046,PROD-002,view,1777746966
USER-027,PROD-183,view,1777747474
USER-070,PROD-064,add_to_cart,1777749089
USER-004,PROD-166,view,1777750010
USER-039,PROD-018,view,1777751226
USER-046,PROD-026,view,1777751267
USER-015,PROD-147,view,1777753233
USER-040,PROD-034,view,1777753384
USER-066,PROD-053,view,1777753476
USER-074,PROD-142,view,1777753790
USER-025,PROD-177,view,1777754659
USER-024,PROD-029,view,1777754968
USER-059,PROD-014,view,1777755021
USER-009,PROD-018,view,1777756533
USER-013,PROD-155,view,1777757227
USER-074,PROD-132,view,1777757435
USER-060,PROD-157,add_to_cart,1777757580
USER-058,PROD-031,add_to_cart,1777758609
USER-067,PROD-090,view,1777759536
USER-022,PROD-139,view,1777759830
USER-019,PROD-023,add_to_cart,1777760035
USER-014,PROD-071,view,1777760528
USER-002,PROD-151,purchase,1777762023
USER-048,PROD-130,view,1777762282
USER-054,PROD-127,add_to_cart,1777763910
USER-005,PROD-102,view,1777764434
USER-048,PROD-106,add_to_cart,1777766142
USER-055,PROD-128,view,1777766446
USER-059,PROD-003,view,1777767311
USER-055,PROD-077,view,1777770703
USER-047,PROD-117,view,1777772117
USER-073,PROD-056,view,1777772430
USER-034,PROD-055,view,1777773568
USER-025,PROD-004,add_to_cart,1777774640
USER-035,PROD-199,view,1777775655
USER-003,PROD-195,view,1777776201
USER-037,PROD-094,view,1777776280
USER-046,PROD-101,purchase,1777779103
USER-033,PROD-138,view,1777781557
USER-030,PROD-143,view,1777781958
USER-065,PROD-138,view,1777785880
USER-037,PROD-052,view,1777785897
USER-027,PROD-092,view,1777786345
USER-006,PROD-093,view,1777786745
USER-029,PROD-198,view,1777786755
USER-030,PROD-161,add_to_cart,1777787317
USER-005,PROD-146,view,1777787841
USER-006,PROD-147,view,1777788528
USER-013,PROD-103,view,1777790558
USER-018,PROD-122,view,1777790899
USER-025,PROD-102,view,1777791480
USER-007,PROD-172,view,1777791557
USER-032,PROD-113,view,1777792286
USER-008,PROD-137,view,1777793099
USER-032,PROD-117,view,1777794489
USER-021,PROD-151,view,1777794720
USER-027,PROD-052,view,1777795287
USER-069,PROD-167,view,1777795858
USER-025,PROD-192,view,1777799915
USER-003,PROD-032,view,1777801082
USER-073,PROD-138,view,1777802128
USER-062,PROD-076,add_to_cart,1777802728
USER-003,PROD-132,view,1777806037
USER-055,PROD-050,view,1777806656
USER-052,PROD-096,view,1777806732
USER-034,PROD-109,add_to_cart,1777809129
USER-058,PROD-185,add_to_cart,1777810833
USER-052,PROD-128,view,1777811428
USER-009,PROD-147,view,1777815970
USER-052,PROD-113,view,1777816646
USER-043,PROD-043,view,1777817965
USER-035,PROD-001,view,1777819201
USER-023,PROD-123,view,1777819246
USER-042,PROD-021,view,1777822749
USER-052,PROD-182,view,1777824476
USER-057,PROD-021,view,1777825010
USER-055,PROD-053,view,1777825113
USER-040,PROD-121,add_to_cart,1777825509
USER-001,PROD-103,view,1777825547
USER-016,PROD-078,view,1777827972
USER-072,PROD-022,view,1777828851
USER-070,PROD-023,view,1777829535
USER-039,PROD-180,view,1777829772
USER-046,PROD-026,view,1777831265
USER-032,PROD-072,view,1777831320
USER-065,PROD-055,view,1777831755
USER-072,PROD-171,view,1777832654
USER-002,PROD-064,view,1777832702
USER-057,PROD-192,add_to_cart,1777834185
USER-071,PROD-064,add_to_cart,1777834950
USER-026,PROD-178,view,1777834980
USER-010,PROD-154,purchase,1777836255
USER-065,PROD-016,view,1777837239
USER-048,PROD-145,view,1777837280
USER-002,PROD-169,view,1777837544
USER-060,PROD-150,add_to_cart,1777839677
USER-059,PROD-170,add_to_cart,1777841922
USER-069,PROD-006,view,1777842203
USER-031,PROD-080,view,1777843694
USER-012,PROD-056,view,1777844276
USER-001,PROD-024,view,1777844756
USER-019,PROD-080,view,1777844979
USER-037,PROD-160,view,1777845190
USER-003,PROD-042,add_to_cart,1777846209
USER-023,PROD-076,view,1777846753
USER-074,PROD-194,view,1777848202
USER-054,PROD-070,view,1777849530
USER-026,PROD-127,view,1777849620
USER-061,PROD-114,view,1777849906
USER-038,PROD-071,view,1777850283
USER-025,PROD-019,purchase,1777850624
USER-021,PROD-136,view,1777853328
USER-015,PROD-043,view,1777853767
USER-072,PROD-075,view,1777854274
USER-010,PROD-136,add_to_cart,1777854887
USER-028,PROD-170,add_to_cart,1777857036
USER-028,PROD-045,add_to_cart,1777858252
USER-006,PROD-105,view,1777858707
USER-054,PROD-151,add_to_cart,1777863638
USER-015,PROD-039,view,1777866618
USER-022,PROD-079,add_to_cart,1777867547
USER-059,PROD-151,view,1777868132
USER-060,PROD-082,view,1777870000
USER-038,PROD-046,view,1777870613
USER-035,PROD-163,view,1777870999
USER-038,PROD-149,view,1777871394
USER-025,PROD-105,view,1777872257
USER-004,PROD-177,view,1777872445
USER-026,PROD-149,view,1777872976
USER-068,PROD-069,view,1777873121
USER-036,PROD-083,view,1777874157
USER-032,PROD-099,view,1777874255
USER-046,PROD-145,view,1777874267
USER-066,PROD-101,add_to_cart,1777875130
USER-007,PROD-171,view,1777876616
USER-032,PROD-100,add_to_cart,1777878111
USER-013,PROD-143,add_to_cart,1777879182
USER-068,PROD-039,view,1777881411
USER-011,PROD-109,view,1777881659
USER-030,PROD-057,view,1777882656
USER-001,PROD-089,view,1777883404
USER-045,PROD-061,view,1777884022
USER-032,PROD-168,view,1777885377
USER-011,PROD-101,view,1777887145
USER-054,PROD-112,view,1777887282
USER-073,PROD-154,view,1777890655
USER-016,PROD-019,view,1777892889
USER-027,PROD-057,view,1777895001
USER-027,PROD-047,view,1777895482
USER-035,PROD-193,view,1777895806
USER-040,PROD-152,view,1777896029
USER-042,PROD-049,view,1777896450
USER-032,PROD-123,view,1777896575
USER-064,PROD-198,view,1777896630
USER-011,PROD-104,view,1777897767
USER-028,PROD-125,view,1777897889
USER-024,PROD-076,view,1777899612
USER-051,PROD-130,view,1777899625
USER-073,PROD-129,view,1777899976
USER-039,PROD-048,view,1777901522
USER-015,PROD-058,view,1777905738
USER-008,PROD-196,view,1777905876
USER-005,PROD-158,view,1777907943
USER-033,PROD-170,view,1777909561
USER-041,PROD-088,add_to_cart,1777909702
USER-046,PROD-073,view,1777910650
USER-064,PROD-003,view,1777910841
USER-014,PROD-029,view,1777911025
USER-024,PROD-154,view,1777911121
USER-075,PROD-139,view,1777911256
USER-012,PROD-004,view,1777912732
USER-056,PROD-073,view,1777913559
USER-068,PROD-110,purchase,1777914130
USER-008,PROD-010,add_to_cart,1777914596
USER-045,PROD-131,view,1777914616
USER-006,PROD-116,view,1777915958
USER-074,PROD-074,add_to_cart,1777916157
USER-046,PROD-047,view,1777917249
USER-036,PROD-060,view,1777917575
USER-012,PROD-118,view,1777918301
USER-007,PROD-006,add_to_cart,1777918833
USER-064,PROD-055,view,1777918911
USER-030,PROD-168,view,1777919303
USER-052,PROD-039,view,1777919578
USER-006,PROD-143,view,1777919686
USER-044,PROD-105,view,1777919713
USER-034,PROD-029,add_to_cart,1777921642
USER-020,PROD-138,view,1777922168
USER-046,PROD-032,view,1777922194
USER-068,PROD-086,view,1777923041
USER-058,PROD-042,view,1777923627
USER-012,PROD-182,view,1777927172
USER-061,PROD-179,view,1777928588
USER-006,PROD-166,view,1777929044
USER-074,PROD-132,view,1777929334
USER-067,PROD-119,view,1777929850
USER-075,PROD-195,view,1777929991
USER-046,PROD-087,view,1777932602
USER-048,PROD-077,view,1777933530
USER-023,PROD-123,view,1777933741
USER-043,PROD-137,add_to_cart,1777935123
USER-068,PROD-165,view,1777938427
USER-061,PROD-112,add_to_cart,1777939279
USER-055,PROD-112,view,1777941303
USER-039,PROD-176,view,1777941687
USER-014,PROD-044,add_to_cart,1777944325
USER-009,PROD-136,view,1777944460
USER-060,PROD-152,view,1777945752
USER-057,PROD-047,view,1777946574
USER-075,PROD-151,add_to_cart,1777946723
USER-068,PROD-126,view,1777946746
USER-005,PROD-194,view,1777947354
USER-059,PROD-013,view,1777948307
USER-032,PROD-108,view,1777952255
USER-021,PROD-167,view,1777953335
USER-010,PROD-008,view,1777953696
USER-067,PROD-187,view,1777953703
USER-075,PROD-042,add_to_cart,1777953906
USER-072,PROD-170,view,1777954905
USER-025,PROD-095,view,1777956464
USER-045,PROD-145,view,1777957568
USER-002,PROD-047,view,1777957752
USER-069,PROD-134,view,1777958672
USER-011,PROD-052,view,1777959681
USER-065,PROD-200,view,1777962086
USER-068,PROD-148,view,1777962929
USER-021,PROD-168,view,1777963363
USER-065,PROD-139,add_to_cart,1777966776
USER-010,PROD-088,add_to_cart,1777966829
USER-038,PROD-053,view,1777967920
USER-064,PROD-112,add_to_cart,1777968325
USER-062,PROD-001,add_to_cart,1777969357
USER-028,PROD-151,view,1777969557
USER-038,PROD-076,add_to_cart,1777969776
USER-001,PROD-152,view,1777971012
USER-039,PROD-175,view,1777972359
USER-028,PROD-001,view,1777972597
USER-055,PROD-099,view,1777973254
USER-073,PROD-038,view,1777974542
USER-001,PROD-002,view,1777976820
USER-060,PROD-190,view,1777977128
USER-045,PROD-149,add_to_cart,1777977140
USER-023,PROD-173,view,1777979038
USER-067,PROD-125,view,1777980735
USER-010,PROD-097,purchase,1777981109
USER-032,PROD-126,view,1777981174
USER-066,PROD-167,view,1777981911
USER-044,PROD-044,purchase,1777982159
USER-017,PROD-119,view,1777983484
USER-008,PROD-001,view,1777987065
USER-074,PROD-148,view,1777987418
USER-037,PROD-043,view,1777990724
USER-009,PROD-018,add_to_cart,1777992961
USER-027,PROD-146,add_to_cart,1777993506
USER-006,PROD-040,view,1777993610
USER-055,PROD-066,view,1777993794
USER-071,PROD-028,view,1777994572
USER-061,PROD-056,add_to_cart,1777995305
USER-060,PROD-073,add_to_cart,1777996248
USER-061,PROD-166,view,1777999589
USER-007,PROD-020,view,1778000402
USER-050,PROD-065,view,1778001164
USER-015,PROD-105,view,1778001235
USER-029,PROD-162,add_to_cart,1778003415
USER-067,PROD-184,view,1778005931
USER-065,PROD-048,view,1778006203
USER-039,PROD-001,view,1778010157
USER-016,PROD-027,view,1778010753
USER-068,PROD-144,view,1778010835
USER-052,PROD-097,purchase,1778010959
USER-065,PROD-021,view,1778012222
USER-020,PROD-056,view,1778013674
USER-044,PROD-190,view,1778013987
USER-047,PROD-193,view,1778014799
USER-020,PROD-102,view,1778015440
USER-010,PROD-148,view,1778016346
USER-009,PROD-054,view,1778017894
USER-051,PROD-098,view,1778018073
USER-017,PROD-177,view,1778018076
USER-066,PROD-160,view,1778019339
USER-038,PROD-138,view,1778019868
USER-039,PROD-006,view,1778020274
USER-075,PROD-161,add_to_cart,1778020879
USER-062,PROD-033,view,1778020997
USER-035,PROD-122,view,1778021020
USER-014,PROD-083,view,1778021523
USER-045,PROD-198,view,1778022164
USER-069,PROD-176,view,1778023169
USER-021,PROD-136,view,1778023295
USER-074,PROD-050,view,1778024303
USER-021,PROD-006,view,1778026443
USER-029,PROD-053,purchase,1778026552
USER-003,PROD-052,add_to_cart,1778026759
USER-063,PROD-118,add_to_cart,1778026848
USER-022,PROD-128,add_to_cart,1778027260
USER-021,PROD-083,view,1778028268
USER-057,PROD-103,view,1778028616
USER-073,PROD-060,add_to_cart,1778028993
USER-012,PROD-100,view,1778029354
USER-033,PROD-023,view,1778030017
USER-062,PROD-025,view,1778030142
USER-063,PROD-141,view,1778032426
USER-071,PROD-184,view,1778034016
USER-031,PROD-119,view,1778038424
USER-069,PROD-176,view,1778038566
USER-068,PROD-147,view,1778039564
USER-053,PROD-183,view,1778041723
USER-022,PROD-021,purchase,1778042247
USER-004,PROD-097,view,1778044017
USER-065,PROD-127,view,1778044901
USER-065,PROD-053,view,1778046793
USER-064,PROD-155,view,1778047343
USER-065,PROD-166,view,1778049322
USER-008,PROD-073,view,1778050019
USER-009,PROD-093,view,1778050629
USER-003,PROD-008,add_to_cart,1778050820
USER-031,PROD-102,view,1778051005
USER-072,PROD-178,view,1778051780
USER-001,PROD-116,view,1778051979
USER-041,PROD-058,purchase,1778052334
USER-059,PROD-008,add_to_cart,1778053684
USER-062,PROD-119,view,1778056176
USER-022,PROD-096,view,1778057264
USER-067,PROD-098,view,1778058170
USER-065,PROD-191,view,1778058279
USER-023,PROD-080,purchase,1778058310
USER-050,PROD-181,view,1778059431
USER-039,PROD-013,view,1778059815
USER-040,PROD-032,purchase,1778060596
USER-026,PROD-190,view,1778061169
USER-003,PROD-098,view,1778062328
USER-048,PROD-061,view,1778064252
USER-040,PROD-112,view,1778064765
USER-028,PROD-079,view,1778065383
USER-063,PROD-127,view,1778066329
USER-020,PROD-191,view,1778066813
USER-031,PROD-190,view,1778068107
USER-043,PROD-063,view,1778068171
USER-024,PROD-024,view,1778069140
USER-068,PROD-131,view,1778070778
USER-069,PROD-176,view,1778072287
USER-051,PROD-098,view,1778074081
USER-065,PROD-117,view,1778076996
USER-008,PROD-185,view,1778077054
USER-016,PROD-017,view,1778077088
USER-007,PROD-102,view,1778077104
USER-021,PROD-113,view,1778080388
USER-036,PROD-173,add_to_cart,1778080635
USER-005,PROD-174,purchase,1778083526
USER-048,PROD-006,view,1778083627
USER-044,PROD-196,view,1778083681
USER-014,PROD-060,view,1778084668
USER-004,PROD-034,add_to_cart,1778085572
USER-010,PROD-020,view,1778087592
USER-073,PROD-067,view,1778087659
USER-072,PROD-190,view,1778087842
USER-053,PROD-184,purchase,1778089845
USER-030,PROD-167,view,1778090380
USER-005,PROD-006,view,1778092497
USER-073,PROD-105,view,1778093412
USER-025,PROD-099,view,1778095015
USER-019,PROD-121,view,1778095908
USER-047,PROD-147,view,1778096887
USER-051,PROD-054,view,1778097226
USER-042,PROD-034,view,1778097239
USER-009,PROD-193,add_to_cart,1778097486
USER-056,PROD-082,view,1778098294
USER-053,PROD-181,view,1778098314
USER-028,PROD-039,view,1778100421
USER-038,PROD-042,view,1778103084
USER-049,PROD-012,view,1778104265
USER-005,PROD-063,view,1778104657
USER-057,PROD-101,view,1778104660
USER-074,PROD-060,view,1778105523
USER-001,PROD-055,view,1778106019
USER-053,PROD-012,view,1778106180
USER-063,PROD-093,view,1778106763
USER-064,PROD-120,view,1778108457
USER-033,PROD-163,view,1778109058
USER-023,PROD-186,add_to_cart,1778111992
USER-014,PROD-043,view,1778113971
USER-075,PROD-057,view,1778114623
USER-050,PROD-199,add_to_cart,1778115222
USER-055,PROD-164,view,1778115454
USER-037,PROD-161,purchase,1778116537
USER-061,PROD-098,view,1778116909
USER-017,PROD-025,view,1778116928
USER-023,PROD-138,view,1778117804
USER-044,PROD-061,view,1778119008
USER-047,PROD-010,purchase,1778119440
USER-070,PROD-027,purchase,1778120380
USER-052,PROD-167,view,1778120399
USER-030,PROD-121,view,1778120478
USER-063,PROD-003,view,1778121370
USER-062,PROD-075,view,1778124724
USER-023,PROD-195,add_to_cart,1778125351
USER-044,PROD-063,view,1778127807
USER-032,PROD-184,view,1778129102
USER-043,PROD-103,view,1778130153
USER-007,PROD-181,view,1778130384
USER-005,PROD-136,purchase,1778130613
USER-019,PROD-125,view,1778131565
USER-065,PROD-109,view,1778131826
USER-065,PROD-128,add_to_cart,1778132400
USER-074,PROD-070,view,1778132542
USER-059,PROD-088,view,1778134241
USER-071,PROD-059,view,1778135251
USER-064,PROD-129,view,1778135367
USER-048,PROD-155,view,1778137574
USER-016,PROD-099,view,1778137683
USER-029,PROD-047,view,1778137772
USER-017,PROD-092,view,1778137967
USER-006,PROD-058,view,1778138637
USER-015,PROD-004,view,1778138915
USER-039,PROD-093,view,1778139389
USER-054,PROD-135,view,1778140152
USER-005,PROD-025,view,1778141762
USER-008,PROD-049,view,1778141969
USER-002,PROD-076,view,1778142520
USER-013,PROD-081,view,1778144177
USER-026,PROD-068,view,1778145808
USER-038,PROD-096,view,1778147650
USER-072,PROD-051,view,1778147655
USER-060,PROD-027,view,1778148619
USER-071,PROD-117,view,1778149578
USER-073,PROD-084,add_to_cart,1778150322
USER-068,PROD-164,view,1778150623
USER-036,PROD-162,view,1778151710
USER-020,PROD-189,view,1778152702
USER-054,PROD-132,view,1778153507
USER-046,PROD-119,view,1778153507
USER-027,PROD-018,add_to_cart,1778154526
USER-004,PROD-079,view,1778154622
USER-040,PROD-158,view,1778154951
USER-003,PROD-037,view,1778155032
USER-004,PROD-170,view,1778155494
USER-067,PROD-110,view,1778155769
USER-023,PROD-094,view,1778155938
USER-010,PROD-003,add_to_cart,1778156225
USER-041,PROD-072,view,1778157139
USER-027,PROD-171,view,1778158477
USER-064,PROD-100,view,1778158852
USER-011,PROD-168,add_to_cart,1778159580
USER-006,PROD-143,view,1778161046
USER-052,PROD-088,view,1778161699
USER-055,PROD-059,view,1778162582
USER-041,PROD-037,view,1778162610
USER-013,PROD-030,view,1778163628
USER-053,PROD-190,view,1778163863
USER-047,PROD-115,view,1778165701
USER-040,PROD-015,view,1778166907
USER-037,PROD-037,view,1778167221
USER-062,PROD-077,view,1778168541
USER-047,PROD-065,view,1778170817
USER-046,PROD-121,purchase,1778171159
USER-012,PROD-026,view,1778171683
USER-046,PROD-096,view,1778171985
USER-028,PROD-021,view,1778172412
USER-031,PROD-014,view,1778172675
USER-048,PROD-193,view,1778173266
USER-001,PROD-082,view,1778175023
USER-054,PROD-101,view,1778175781
USER-064,PROD-090,view,1778179325
USER-050,PROD-011,view,1778180726
USER-019,PROD-136,purchase,1778181798
USER-023,PROD-194,view,1778181838
USER-033,PROD-009,view,1778184127
USER-018,PROD-082,view,1778186650
USER-021,PROD-177,view,1778187507
USER-068,PROD-073,add_to_cart,1778187512
USER-031,PROD-030,add_to_cart,1778188798
USER-008,PROD-112,add_to_cart,1778191075
USER-036,PROD-174,view,1778193213
USER-072,PROD-011,view,1778196213
USER-012,PROD-014,view,1778196386
USER-068,PROD-163,view,1778196409
USER-064,PROD-134,view,1778198223
USER-005,PROD-090,view,1778200855
USER-074,PROD-191,add_to_cart,1778202520
USER-019,PROD-079,view,1778202619
USER-027,PROD-066,view,1778204557
USER-004,PROD-182,view,1778204821
USER-072,PROD-165,view,1778205874
USER-066,PROD-115,view,1778207772
USER-023,PROD-187,view,1778207898
USER-009,PROD-131,add_to_cart,1778211270
USER-031,PROD-075,view,1778211792
USER-064,PROD-071,view,1778212064
USER-053,PROD-169,view,1778213146
USER-054,PROD-140,view,1778213402
USER-051,PROD-164,view,1778214554
USER-045,PROD-051,view,1778215483
USER-048,PROD-127,view,1778215808
USER-021,PROD-004,view,1778217248
USER-006,PROD-077,view,1778217824
USER-008,PROD-060,purchase,1778219391
USER-004,PROD-077,view,1778225052
USER-040,PROD-126,view,1778226805
USER-037,PROD-015,view,1778226998
USER-067,PROD-007,view,1778227517
USER-001,PROD-012,purchase,1778227662
USER-014,PROD-038,view,1778228617
USER-032,PROD-074,view,1778228918
USER-054,PROD-152,view,1778229758
USER-061,PROD-187,view,1778229872
USER-050,PROD-095,view,1778230527
USER-041,PROD-091,view,1778230701
USER-048,PROD-121,purchase,1778232546
USER-043,PROD-187,view,1778234349
USER-057,PROD-050,view,1778234458
USER-008,PROD-027,view,1778235034
USER-013,PROD-119,view,1778235391
USER-009,PROD-058,view,1778236216
USER-027,PROD-063,view,1778237259
USER-039,PROD-104,view,1778239424
USER-039,PROD-194,purchase,1778239766
USER-052,PROD-046,add_to_cart,1778239877
USER-067,PROD-090,view,1778241380
USER-031,PROD-102,view,1778242028
USER-050,PROD-138,view,1778242870
USER-016,PROD-124,view,1778244329
USER-030,PROD-148,view,1778245638
USER-011,PROD-122,view,1778245676
USER-048,PROD-167,view,1778247048
USER-005,PROD-044,add_to_cart,1778247144
USER-070,PROD-189,view,1778247520
USER-057,PROD-064,view,1778248858
USER-039,PROD-094,view,1778249465
USER-063,PROD-076,add_to_cart,1778251818
USER-041,PROD-093,view,1778253151
USER-062,PROD-181,view,1778253343
USER-062,PROD-080,view,1778253446
USER-050,PROD-189,view,1778256372
USER-007,PROD-022,view,1778257517
USER-025,PROD-197,view,1778258236
USER-066,PROD-076,view,1778258694
USER-006,PROD-096,view,1778258838
USER-060,PROD-016,purchase,1778259588
USER-035,PROD-065,purchase,1778259632
USER-021,PROD-092,view,1778260642
USER-026,PROD-009,purchase,1778261938
USER-007,PROD-128,view,1778263236
USER-052,PROD-147,view,1778264370
USER-008,PROD-115,view,1778264553
USER-049,PROD-050,view,1778265344
USER-007,PROD-162,view,1778265475
USER-014,PROD-055,view,1778266278
USER-056,PROD-021,add_to_cart,1778267427
USER-036,PROD-121,view,1778268695
USER-032,PROD-079,view,1778269596
USER-048,PROD-068,view,1778270816
USER-014,PROD-113,view,1778271420
USER-040,PROD-176,view,1778271611
USER-073,PROD-078,view,1778272085
USER-037,PROD-163,view,1778273832
USER-042,PROD-025,add_to_cart,1778274401
USER-066,PROD-166,view,1778274443
USER-055,PROD-077,view,1778275118
USER-026,PROD-001,view,1778275551
USER-024,PROD-095,view,1778276511
USER-024,PROD-146,view,1778277476
USER-053,PROD-045,add_to_cart,1778277703
USER-049,PROD-015,view,1778278801
USER-046,PROD-049,view,1778278848
USER-039,PROD-031,view,1778280335
USER-067,PROD-003,view,1778281333
USER-016,PROD-071,view,1778283319
USER-022,PROD-049,view,1778283556
USER-007,PROD-177,purchase,1778285179
USER-014,PROD-130,view,1778288209
USER-008,PROD-053,view,1778288215
USER-005,PROD-091,view,1778288903
USER-062,PROD-141,view,1778289016
USER-066,PROD-033,view,1778290853
USER-069,PROD-150,view,1778291356
USER-033,PROD-171,view,1778291439
USER-024,PROD-047,view,1778292091
USER-022,PROD-073,add_to_cart,1778294681
USER-040,PROD-120,view,1778296368
USER-012,PROD-068,view,1778296748
USER-024,PROD-146,view,1778297111
USER-046,PROD-107,view,1778297190
USER-007,PROD-160,view,1778297734
USER-053,PROD-190,view,1778299132
USER-050,PROD-145,view,1778299699
USER-023,PROD-182,view,1778300250
USER-069,PROD-159,view,1778302513
USER-075,PROD-035,view,1778302579
USER-018,PROD-136,view,1778302628
USER-075,PROD-032,view,1778305139
USER-062,PROD-021,view,1778305314
USER-069,PROD-136,view,1778306517
USER-071,PROD-022,purchase,1778306587
USER-033,PROD-159,view,1778307669
USER-005,PROD-088,add_to_cart,1778308572
USER-028,PROD-069,view,1778308761
USER-045,PROD-085,view,1778308782
USER-008,PROD-026,view,1778310073
USER-026,PROD-017,view,1778311228
USER-004,PROD-170,view,1778312103
USER-061,PROD-109,view,1778313783
USER-046,PROD-084,view,1778315905
USER-033,PROD-170,view,1778316444
USER-017,PROD-053,view,1778317255
USER-041,PROD-168,add_to_cart,1778317795
USER-034,PROD-139,view,1778317956
USER-008,PROD-155,view,1778319722
USER-019,PROD-200,view,1778320075
USER-032,PROD-079,view,1778321418
USER-051,PROD-144,view,1778321839
USER-055,PROD-010,view,1778323283
USER-058,PROD-193,view,1778325719
USER-072,PROD-178,add_to_cart,1778325800
USER-047,PROD-152,view,1778326246
USER-030,PROD-101,add_to_cart,1778327970
USER-041,PROD-051,view,1778328978
USER-028,PROD-083,view,1778329275
USER-006,PROD-181,view,1778329498
USER-014,PROD-091,view,1778331679
USER-066,PROD-053,view,1778332456
USER-039,PROD-093,view,1778333121
USER-024,PROD-028,view,1778334170
USER-014,PROD-114,view,1778335759
USER-062,PROD-188,view,1778338618
USER-043,PROD-193,add_to_cart,1778340708
USER-048,PROD-102,view,1778340876
USER-021,PROD-090,view,1778341549
USER-025,PROD-147,view,1778343877
USER-058,PROD-129,view,1778343916
USER-065,PROD-174,view,1778344460
USER-047,PROD-148,view,1778344906
USER-045,PROD-093,view,1778345489
USER-066,PROD-165,view,1778345508
USER-004,PROD-098,add_to_cart,1778346002
USER-035,PROD-156,view,1778346383
USER-019,PROD-147,view,1778346944
USER-005,PROD-158,purchase,1778348641
USER-028,PROD-069,view,1778349033
USER-029,PROD-147,add_to_cart,1778350555
USER-016,PROD-029,view,1778351076
USER-011,PROD-172,view,1778351201
USER-028,PROD-096,view,1778351368
USER-047,PROD-189,view,1778351960
USER-071,PROD-015,view,1778353396
USER-063,PROD-055,view,1778354228
USER-008,PROD-126,view,1778356622
USER-054,PROD-125,view,1778356799
USER-024,PROD-043,add_to_cart,1778357486
USER-043,PROD-067,add_to_cart,1778358972
USER-073,PROD-010,view,1778359460
USER-025,PROD-041,view,1778365966
USER-058,PROD-017,view,1778368893
USER-045,PROD-110,view,1778369748
USER-038,PROD-134,view,1778372175
USER-045,PROD-016,view,1778374035
USER-018,PROD-110,view,1778375189
USER-035,PROD-037,view,1778379902
USER-021,PROD-091,view,1778380625
USER-021,PROD-067,view,1778381180
USER-020,PROD-199,add_to_cart,1778382868
USER-009,PROD-098,view,1778384580
USER-074,PROD-180,view,1778384979
USER-066,PROD-156,view,1778386441
USER-031,PROD-094,view,1778387357
USER-029,PROD-131,view,1778388681
USER-066,PROD-142,view,1778389181
USER-005,PROD-181,view,1778390261
USER-010,PROD-143,view,1778390794
USER-062,PROD-160,view,1778392522
USER-075,PROD-024,view,1778392555
USER-002,PROD-067,view,1778393185
USER-041,PROD-175,view,1778396421
USER-068,PROD-086,add_to_cart,1778397866
USER-065,PROD-197,add_to_cart,1778400083
USER-009,PROD-077,view,1778400268
USER-016,PROD-125,view,1778400541
USER-038,PROD-029,view,1778400971
USER-074,PROD-046,view,1778401366
USER-043,PROD-018,view,1778402200
USER-045,PROD-088,view,1778402656
USER-057,PROD-068,view,1778403129
USER-038,PROD-150,view,1778403363
USER-031,PROD-080,view,1778403830
USER-031,PROD-097,view,1778403978
USER-026,PROD-183,view,1778404275
USER-019,PROD-076,view,1778404904
USER-054,PROD-016,view,1778405391
USER-064,PROD-131,view,1778405595
USER-034,PROD-028,view,1778405634
USER-023,PROD-182,view,1778406981
USER-044,PROD-189,view,1778410447
USER-059,PROD-001,view,1778412240
USER-064,PROD-135,view,1778412764
USER-066,PROD-038,view,1778413150
USER-068,PROD-145,purchase,1778416851
USER-059,PROD-031,view,1778418248
USER-004,PROD-164,view,1778418957
USER-020,PROD-136,view,1778419744
USER-008,PROD-073,view,1778420373
USER-036,PROD-169,add_to_cart,1778421083
USER-002,PROD-157,view,1778421696
USER-045,PROD-073,view,1778423900
USER-067,PROD-109,view,1778424601
USER-069,PROD-024,add_to_cart,1778424743
USER-043,PROD-110,view,1778425068
USER-035,PROD-175,add_to_cart,1778425971
USER-074,PROD-144,view,1778426729
USER-028,PROD-096,view,1778427102
USER-063,PROD-016,view,1778428050
USER-008,PROD-158,view,1778431382
USER-008,PROD-007,view,1778432378
USER-023,PROD-192,view,1778432475
USER-041,PROD-053,view,1778433251
USER-050,PROD-161,add_to_cart,1778434506
